PLAZA CODE,PLAZA NAME,CONCESSIONAIRE TYPE,PLAZA SUB TYPE,STATE,CITY,LATITUDE,LONGITUDE
15003,Chillakallu Toll Plaza,Conc.,NATIONAL,Andhra Pradesh,Krishna,16.885015,80.160654
48001,Sullurpet Plaza (NH-16) Toll Plaza,Conc.,NATIONAL,Andhra Pradesh,Nellore,13.744936,79.990993
48002,Budhanam (NH-16) Toll Plaza,Conc.,NATIONAL,Andhra Pradesh,Nellore,14.059589,79.894624
48003,Nellore Plaza (NH- 16) Toll Plaza,Conc.,NATIONAL,Andhra Pradesh,Nellore,14.312218,79.916296
48004,Keesara  Plaza (NH-65) Toll Plaza,Conc.,NATIONAL,Andhra Pradesh,Vijayawada,16.718077,80.324314
49001,Kaza Toll Plaza Mangalgiri,Conc.,NATIONAL,Andhra Pradesh,Guntur,16.3856,80.53367
63101,Karapadu Toll Plaza,TOT,NATIONAL,Andhra Pradesh,Ichchapuram,19.111282,84.699281
69001,Vempadu Toll Plaza,TOT,NATIONAL,Andhra Pradesh,Visakhapatnam,17.397831,82.67582
70001,Krishnavaram Toll Plaza,TOT,NATIONAL,Andhra Pradesh,East Godavari,17.215448,82.1107
73001,Bollapalli Toll Plaza,Conc.,NATIONAL,Andhra Pradesh,Prakasam,15.886754,80.070843
73002,Tangatur Toll Plaza,Conc.,NATIONAL,Andhra Pradesh,Prakasam,15.358166,80.040105
73003,Musunur Toll Plaza,Conc.,NATIONAL,Andhra Pradesh,Nellore,14.851945,79.987847
212001,Laxmipuram Toll Plaza,TOT,NATIONAL,Andhra Pradesh,Srikakulam,18.733529,84.389803
234002,Chagalmarri Toll Plaza,Conc.,NATIONAL,Andhra Pradesh,Kurnool,14.979577,78.574764
239300,Unguturu Toll Plaza,TOT,NATIONAL,Andhra Pradesh,West Godavari,16.823733,81.430668
239301,Eethakota Toll Plaza,TOT,NATIONAL,Andhra Pradesh,East Godavari,16.715212,81.82786
340065,Mopidevi Toll Plaza,PF,NATIONAL,Andhra Pradesh,Mopidevi,16.054778,80.914134
350046,Mudiveedu Toll Plaza,PF,NATIONAL,Andhra Pradesh,Madanapalle,13.698528,78.518474
352001,Nannur Toll Plaza,Conc.,NATIONAL,Andhra Pradesh,Kurnool,15.7406107,78.0705331
352013,Chapirevula Toll Plaza,Conc.,NATIONAL,Andhra Pradesh,Nandyal,15.460198,78.451697
352020,Mahasamudram Toll Plaza,PF,NATIONAL,Andhra Pradesh,Mahasamund,13.194889,79.017469
352022,Nathavalasa Toll Plaza,PF,NATIONAL,Andhra Pradesh,Vizianagar,18.057967,83.521081
352023,S.V Puram Toll Plaza,PF,NATIONAL,Andhra Pradesh,Chittoor,13.525577,79.532925
352024,Marur Toll Plaza,PF,NATIONAL,Andhra Pradesh,Anantapur,14.5020891,77.6312667
352025,Kasepalli Toll Plaza,PF,NATIONAL,Andhra Pradesh,Anantapur,15.061754,77.630328
352026,Amakthadu Toll Plaza,PF,NATIONAL,Andhra Pradesh,Kurnool,15.486433,77.901078
352027,Kalaparru Toll Plaza,PF,NATIONAL,Andhra Pradesh,West Godavari,16.676408,81.022129
352028,Agnampadi Toll Plaza,PF,NATIONAL,Andhra Pradesh,Visakhapatnam,17.685435,83.149931
352030,Madapam Toll Plaza,PF,NATIONAL,Andhra Pradesh,Srikakulam,18.377344,84.000528
352031,Badava Toll Plaza,PF,NATIONAL,Andhra Pradesh,Mylavaram,16.8503326,80.6335241
352032,Bhramanapalli Toll Plaza,PF,NATIONAL,Andhra Pradesh,Brahmanapalli,14.7359233,79.0492478
352033,Chinthalapalem toll plaza,PF,NATIONAL,Andhra Pradesh,Chinthalap,13.7881724,79.5894634
352034,Mekalavaripalli Toll Plaza,PF,NATIONAL,Andhra Pradesh,Markapur,15.6675,79.3518
352035,Raviguntapalli Toll Plaza,PF,NATIONAL,Andhra Pradesh,Markapur,15.2253,79.4592
352036,Rapur Toll Plaza,PF,NATIONAL,Andhra Pradesh,Rapur,14.2104914,79.5602205
352037,Basapuram Toll Plaza,PF,NATIONAL,Andhra Pradesh,Mydukur,14.7082937,78.8723146
352038,Durgamvaripalli Toll Plaza,PF,NATIONAL,Andhra Pradesh,Rayachoti,13.7142018,78.873175
352039,Pottipadu Toll Plaza,PF,NATIONAL,Andhra Pradesh,Krishna,16.572341,80.862502
352040,Davaluru Toll Plaza,PF,NATIONAL,Andhra Pradesh,Kankipadu,16.4125284,80.7880218
352041,Panchvati Colony toll plaza,PF,NATIONAL,Andhra Pradesh,Visakhapatnam,17.7130381,83.2079988
352042,Goshtani Gate Toll Plaza,PF,NATIONAL,Andhra Pradesh,Visakhapatnam,17.71386,83.212194
352043,Yerradoddi Toll Plaza,PF,NATIONAL,Andhra Pradesh,Anantapur,14.168016,78.134528
352044,Jellipalli Toll Plaza,PF,NATIONAL,Andhra Pradesh,Anantapur,14.168867,78.144507
352045,Bandapalli Toll Plaza,PF,NATIONAL,Andhra Pradesh,Rayachoti,14.131169,78.75682
352046,Millampali Toll Plaza,PF,NATIONAL,Andhra Pradesh,Vijayawada,16.037647,79.307084
352047,Halaharvi TOLL PLAZA,PF,NATIONAL,Andhra Pradesh,Halaharvi,15.819781,77.454008
352048,Gollaprolu TOLL PLAZA,PF,NATIONAL,Andhra Pradesh,Pithapura,17.139122,82.271843
352049,Chinaganjam Fee Plaza,PF,NATIONAL,Andhra Pradesh,Nellore,15.698996,80.237627
352050,Chittimitti Chinthala Toll Plaza,PF,NATIONAL,Andhra Pradesh,Kadapa,14.810899,78.338884
352051,Medapi Toll plaza,PF,NATIONAL,Andhra Pradesh,Prakasam,16.024896,79.481851
352052,Pandillapalli Toll plaza,PF,NATIONAL,Andhra Pradesh,Prakasam,15.465943,79.072447
352053,Jodi Dharmapuram Toll Plaza,PF,NATIONAL,Andhra Pradesh,Jodi Dharm,14.987394,77.915283
352054,Gadanki toll plaza,PF,NATIONAL,Andhra Pradesh,Gadanki,13.478827,79.188024
352055,Bathalapalli Toll Plaza,PF,NATIONAL,Andhra Pradesh,Bathalapal,14.50018,77.79659
352056,VeeraValli TOLL PLAZA,PF,NATIONAL,Andhra Pradesh,Anantapal,16.997034,81.491183
352057,Vaddupalli Toll Plaza,PF.,NATIONAL,Andhra Pradesh,Anantapur,14.67349,77.45764
352059,Dukkavanipalem Toll Plaza,PF,NATIONAL,Andhra Pradesh,Visakhapatnam,17.888226,83.345101
352060,Marripalem Toll Plaza,PF,NATIONAL,Andhra Pradesh,Visakhapatnam,17.747445,83.069029
352061,Thenepalli Toll Plaza,PF,NATIONAL,Andhra Pradesh,Thenepalli,13.375431,79.078265
352062,Danamaiahga aripalli Toll Plaza,PF,NATIONAL,Andhra Pradesh,Danamaia,13.036175,78.515049
352063,Bandlapalli Toll Plaza,PF,NATIONAL,Andhra Pradesh,Bandlapall,13.336395,78.612892
352064,Cholasamundram Toll Plaza,PF,NATIONAL,Andhra Pradesh,Hindupur,13.811786,77.576451
352065,Dumpalagattu Paatimeeda Palli Toll Plaza,Conc.,NATIONAL,Andhra Pradesh,Kadapa,14.624067,78.783569
352066,Munjuluru Toll Plaza,PF,NATIONAL,Andhra Pradesh,Munjuluru,16.319957,81.220732
352067,Annampalli Toll Plaza,Conc.,NATIONAL,Andhra Pradesh,Annampal,16.672222,82.147222
352068,Gorribanda Toll Plaza,PF,NATIONAL,Andhra Pradesh,Srikakulam,18.619937,84.04102
536043,Seetharampuram Toll Plaza,PF,NATIONAL,Andhra Pradesh,Narsapura,16.423222,81.6385
536069,Reddypalem Toll Plaza,PF,NATIONAL,Andhra Pradesh,Vijayawada,15.993396,80.598593
536133,Nagarjunasagar EMC Check post Toll Plaza,Conc,STATE,Andhra Pradesh,Macharla,16.56754,79.33326
536134,Ethipothala EMC Check post Toll Plaza,Conc,STATE,Andhra Pradesh,Macharla,16.541244,79.380177
536135,Narajamalatanda EMC Check post Toll Plaza,Conc,STATE,Andhra Pradesh,Yerragond,16.1643569,79.2997719
536136,Sirigiripadu EMC Check post Toll Plaza,Conc,STATE,Andhra Pradesh,Macharla,16.3077535,79.3296011
536137,Korraprolu EMC Check post Toll Plaza,CONC,STATE,Andhra Pradesh,Guntur,15.889607,78.920103
536184,Jonnada Toll Plaza,PF,NATIONAL,Andhra Pradesh,Vizianagar,18.01129191,83.40771277
536237,Gantyada Toll Plaza,PF,NATIONAL,Andhra Pradesh,Vizianagar,18.145833,83.283611
536336,Rolla Toll Plaza,PF,NATIONAL,Andhra Pradesh,Rolla,13.855229,77.117075
536441,Veeranjaneyapuram Fee Plaza,PF,NATIONAL,Andhra Pradesh,Veerachol,16.53194,79.38167
536466,MERLAPAKA TOLL PLAZA,PF,NATIONAL,Andhra Pradesh,Tirupati,13.703536,79.595097
536477,Manapuram Toll Plaza,PF,NATIONAL,Andhra Pradesh,Vizianagar,18.36998388,83.33476543
536499,Pedagaruvu Toll Plaza,PF,NATIONAL,Andhra Pradesh,Araku,18.1773686,82.7445108
536547,Mangapatnam Toll Plaza,PF,NATIONAL,Andhra Pradesh,Mangapat,14.734112,78.26412
536550,Sameerapalem Toll Plaza,PF,NATIONAL,Andhra Pradesh,Nellore,15.1039,79.4639
536573,Basinenipalli Toll Plaza,PF,NATIONAL,Andhra Pradesh,Basinenipalli,14.9705176763469,79.2069355172383
536587,Gandaboyana palle Toll Plaza,PF,NATIONAL,Andhra Pradesh,Gandaboy,13.643564,78.755219
536626,Burakayalakota Toll Plaza,PF,NATIONAL,Andhra Pradesh,Mandnapa,13.171468,78.369727
536634,Ramanathapuram Toll Plaza,Conc.,NATIONAL,Andhra Pradesh,V Kota,12.953609,78.582352
536666,Rudravaram Toll plaza,PF,NATIONAL,Andhra Pradesh,Rudravaram,15.85332,78.462748
536671,Kothapalli Toll Plaza,PF,NATIONAL,Andhra Pradesh,Vijayawada,15.093838,79.165512
536673,Kadarampalli Fee Plaza,PF,NATIONAL,Andhra Pradesh,Kadaramp,14.6985,77.004255
536709,Paluvai Toll Plaza,PF,NATIONAL,Andhra Pradesh,Paluvai,16.53392,79.51077
536752,R Kothapalli Toll palza,PF,NATIONAL,Andhra Pradesh,Kurnool,15.387436,78.053719
536780,Upputuru Toll Plaza,PF,NATIONAL,Andhra Pradesh,Upputur,15.9349497,80.290233
536787,Chintalapudi Toll Plaza,PF,NATIONAL,Andhra Pradesh,Sathupalli,17.1153204,81.0127182
536800,Vedurupavuluru Toll Plaza,PF,NATIONAL,Andhra Pradesh,Vijayawada,16.572629,80.715224
536801,Venkatapalem Toll Plaza,PF,NATIONAL,Andhra Pradesh,Amaravati,16.505174,80.543517
536802,Inagaluru Toll plaza,PF,NATIONAL,Andhra Pradesh,ANANTAPUR,14.05116,78.03248
536829,Peddakonduru Toll Plaza,PF,NATIONAL,Andhra Pradesh,Nellore,14.8270154,79.7247624
536879,Peddakonduru Toll Plaza,PF,NATIONAL,Andhra Pradesh,Sri Potti Sriramulu Nellore,14.8270154,79.7247624
552001,Thummalacheruvu Toll Plaza,DBFOT,STATE,Andhra Pradesh,Thummala,16.538341,79.798918
552002,Elchuru Toll Plaza,DBFOT,STATE,Andhra Pradesh,Elchuru,16.107077,79.928762
552003,TTD Saptagiri Toll Plaza,Conc.,STATE,Andhra Pradesh,Tirupati to,13.6473,79.4021
552004,Kovvuru Toll Plaza,Conc.,STATE,Andhra Pradesh,Vijayawada,17.02729,81.719536
552005,Ganpathi Forest Check Post,Conc,STATE,Andhra Pradesh,Prakasam,15.929953,79.097636
378004,Mikirati Hawgaon Toll Plaza,PF,NATIONAL,Assam,Daboka,26.131342,92.836207
378005,Nazirakhat Toll Plaza,PF,NATIONAL,Assam,Sonapur,26.121161,91.938698
378006,Madanpur Toll Plaza,PF,NATIONAL,Assam,Madanpur,26.309387,91.716408
378007,Dahalapara Toll Plaza,PF,NATIONAL,Assam,Bongoigao,26.476602,90.712074
378008,Raha Toll Plaza,PF,NATIONAL,Assam,Guwahati,26.245792,92.54147
378009,Patgaon Toll Plaza,PF,NATIONAL,Assam,Kokrajhar,26.567821,90.218439
378010,Manderdisa Toll Plaza,PF,NATIONAL,Assam,Dima Hasa,25.736519,93.138524
378011,Balachera Toll Plaza,PF,NATIONAL,Assam,Cachar,24.946609,92.756356
378012,Galia Toll Plaza,PF,NATIONAL,Assam,Galia,26.442682,91.048867
536337,Telipara Toll Plaza,PF,NATIONAL,Assam,Gossaigao,26.44398,89.942892
536723,Rangamati Fee Plaza,PF,NATIONAL,Assam,Guwahati,26.6777967012742,93.9202646605626
536761,Sulung Fee Plaza,PF,NATIONAL,Assam,Guwahati,26.567647,92.869082
33002,Mohania Toll Plaza,Conc.,NATIONAL,Bihar,Kaimur,25.1882337,83.5615933
33003,Sasaram Toll Plaza,Conc.,NATIONAL,Bihar,Rohtas,24.957125,83.954997
84001,Hariabara Toll Plaza,Conc.,NATIONAL,Bihar,Araria,26.152636,87.445216
85001,Asanpur  Toll Plaza,Conc.,NATIONAL,Bihar,Supaul,26.297778,86.632891
87001,Maithi Toll Plaza,Conc.,NATIONAL,Bihar,Muzaffarpur,26.112648,85.564827
239900,Raje Toll Plaza(T-2),Conc.,NATIONAL,Bihar,Darbhanga,26.225144,86.150263
280001,Govindpur(Murlitol) Toll Plaza,Conc.,NATIONAL,Bihar,Barauni,25.5899165,85.875775
284001,Mahant Maniyari Toll Plaza,Conc.,NATIONAL,Bihar,Muzaffarpur,26.0387944,85.4475413
340056,Dalsagar Toll Plaza,PF,NATIONAL,Bihar,Dal Sagar,25.580548,84.060688
340061,Bhadesar Toll Plaza,PF,NATIONAL,Bihar,Jogbani,26.343119,87.236811
340062,Karigawan fee plaza,PF,NATIONAL,Bihar,Rajauli,24.688738,85.507067
380001,Didar Ganj Toll Plaza,Conc.,NATIONAL,Bihar,Patna,25.5721918,85.2400643
380012,Saukala Toll Plaza,PF,NATIONAL,Bihar,Aurangabad,24.599579,84.70284
380014,Saidpur Patedha Toll Plaza,PF,NATIONAL,Bihar,Saidpur Pa,25.8024478,85.2834059
380015,Maranga Toll Plaza,PF,NATIONAL,Bihar,Purnia,25.728651,87.458279
380016,Parsoni Khem Toll Plaza,TOT,NATIONAL,Bihar,Purvi Champaran,26.451643,85.022817
380017,Barsoni Toll Plaza,PF,NATIONAL,Bihar,Purnia,25.804725,87.590748
380018,Runni Shaidpur Toll Plaza,PF,NATIONAL,Bihar,Sitamarhi,26.373555,85.493897
380019,Balgudar Toll Plaza,PF,NATIONAL,Bihar,Lakhisarai,25.202348,86.081872
380020,Kharik Toll Plaza,PF,NATIONAL,Bihar,Bhagalpur,25.385796,87.01154
380022,Bhagalpur Toll plaza,PF,NATIONAL,Bihar,Bhagalpur,25.2322,87.0094
380023,Bishunpurwa Toll Plaza,PF,NATIONAL,Bihar,Motihari,26.9970148,84.375504
380024,Sonho Fee Plaza,PF,NATIONAL,Bihar,Chhapra,25.924418,84.967832
380025,Pokhraira Fee Plaza,PF,NATIONAL,Bihar,Sitamarhi,26.0558561,85.1829012
380026,Chapraitha Fee Plaza,PF,NATIONAL,Bihar,Chhapra,26.0265755,84.4909225
380027,Chandithan Toll Plaza,PF,NATIONAL,Bihar,Patna,27.38203,83.39483
380028,Brindawan Fee Plaza,PF,NATIONAL,Bihar,Chhapra,25.7478818,84.9518215
380029,Khaikhat Toll Plaza,PF,NATIONAL,Bihar,Kishangarh,26.318939,87.9026
380030,Toda Toll Plaza,PF,NATIONAL,Bihar,Nalanda,25.242639,85.786389
380031,Shahpur Toll Plaza,PF,NATIONAL,Bihar,Begusarai,25.410189,86.212352
380032,Babhaniyawan Toll Plaza,PF,NATIONAL,Bihar,Patna,25.498322,84.488333
380033,Kulhariya fee plaza,PF,NATIONAL,Bihar,Arrah,25.58056,84.76861
536121,Jeerangachh toll Plaza,PF,NATIONAL,Bihar,Kishangan,26.34924,88.0535763
536122,Routara Toll Plaza,PF,NATIONAL,Bihar,Katihar,25.673552,87.522361
536238,Phulwaria Toll Plaza,PF,NATIONAL,Bihar,Motihari,26.7435288,84.7504257
536308,Mamrejpur Fee Plaza,PF,NATIONAL,Bihar,Patna,25.48627,84.998221
536374,Malhipur Toll Plaza,PF,NATIONAL,Bihar,Kanwarpur,25.426414,86.4420611
536393,Kakan Toll Plaza,PF,NATIONAL,Bihar,Araria,26.144405,87.580533
536427,Barhima Toll Plaza,PF,NATIONAL,Bihar,Gopalganj,26.411782,84.584858
536475,Devkuli Toll Plaza,PF,NATIONAL,Bihar,Jahanabad,25.1366,84.9862
536476,Jindapur Toll Plaza,PF,NATIONAL,Bihar,Gaya,24.6721,84.9609
536480,Paithna Toll Plaza,PF,NATIONAL,Bihar,Nalanda,25.29726,85.524077
536665,Biharibigha Toll Plaza,PF,NATIONAL,Bihar,Biharibigha,25.437836,85.780252
536706,Katiryara Toll Plaza,PF,NATIONAL,Bihar,ROHTAS,25.241337,83.984859
536803,Rahua Toll Plaza,PF,NATIONAL,Bihar,Saharsa,25.912353,86.539642
536846,Parei Toll Plaza,PF,NATIONAL,Bihar,Dhaka,26.625266,85.112542
536089,Maroud Toll Plaza,PF,NATIONAL,Chandigarh,Dhamtari,20.895944,81.686546
91001,Durg Bypass Toll Plaza,Conc.,NATIONAL,Chhattisgarh,Durg,21.214518,81.287962
92001,Thakurtolla toll plaza,Conc.,NATIONAL,Chhattisgarh,Rajnandgaon,21.117914,81.122298
241700,Chhuhipali Toll Plaza,Conc.,NATIONAL,Chhattisgarh,Mahasamund,21.299821,82.942781
241701,Dhank Toll Plaza,Conc.,NATIONAL,Chhattisgarh,Mahasamund,21.227203,82.42025
241900,Mandir Hasaud Toll Plaza,Conc.,NATIONAL,Chhattisgarh,Raipur,21.20296,81.905328
349007,Chotiya TOLL PLAZA,PF,NATIONAL,Chhattisgarh,Korba,22.7662305,82.4799789
349008,Pachira Toll Plaza,PF,NATIONAL,Chhattisgarh,Surajpur,23.195053,82.925264
349009,Mashora Toll Plaza,NHAI,NATIONAL,Chhattisgarh,Jagdalpur,19.62327,81.667297
349010,Kumhari Toll Plaza,PF,NATIONAL,Chhattisgarh,Kumhari,21.2525171,81.5368479
349011,Mudhipar TOLL PLAZA,PF,NATIONAL,Chhattisgarh,BILASPUR,21.19004,81.159205
349012,Bhojpuri Toll Plaza,PF,NATIONAL,Chhattisgarh,Saragaon,21.9322781,82.0123636
349013,Jagtara TOLL PLAZA,PF,NATIONAL,Chhattisgarh,Kanker,20.6046999,81.4195136
349014,Badaiyiguda Toll Plaza,PF,NATIONAL,Chhattisgarh,Jagdalpur,19.223505,81.932872
349015,Paraghat Toll Plaza,PF,NATIONAL,Chhattisgarh,Bilaspur,22.010617,82.323591
536483,Kesla Plaza Toll Plaza,PF,NATIONAL,Chhattisgarh,Shakti,22.0177079,82.8681584
536627,Jamnipali Toll Plaza,PF,NATIONAL,Chhattisgarh,Korba,22.1189716,82.68531967
536707,Baiji Toll Plaza,PF,NATIONAL,Chhattisgarh,Bilaspur,21.771229,81.502337
545104,Tarapoungi  Toll Plaza,PF.,NATIONAL,Chhattisgarh,Raipur,21.48295722,81.69098972
545106,Mudiyapara Fee Plaza,PF,NATIONAL,Chhattisgarh,Bodla,22.155822,81.228744
545107,Limha Toll Plaza,PF,NATIONAL,Chhattisgarh,Bilaspur,22.289296,82.30303
545108,Jhalmala Toll Plaza,PF,NATIONAL,Chhattisgarh,Raigarh,21.817222,83.434444
545110,Lodam Toll Plaza,PF,NATIONAL,Chhattisgarh,Jashpur,22.954331,84.36013
545111,Maharajpur Toll Plaza,PF,NATIONAL,Chhattisgarh,Manendra,23.29528,82.383803
546026,Madanpur Toll Plaza,PF,NATIONAL,Chhattisgarh,Katghora,22.454908,82.483176
7002,IGI Toll Plaza,Conc.,NATIONAL,Delhi,New Delhi,28.543853,77.115435
311001,Akshardham Toll Plaza,PF,NATIONAL,Delhi,New Delhi,28.612334,77.281911
311002,Ghazipur Toll Plaza,PF,NATIONAL,Delhi,New Delhi,28.625378,77.312168
311003,Sarai Kale Khan DME Toll Plaza,PF,NATIONAL,Delhi,Delhi,28.598968,77.258226
311004,CWG Flyover Plaza DME Km-1500 Toll Plaza,PF,NATIONAL,Delhi,Delhi,28.603991,77.269563
311005,Indirapuram Plaza DME Km-9500 Toll Plaza,PF,NATIONAL,Delhi,Delhi,28.632236,77.344611
536618,Mundka Toll Plaza,PF,NATIONAL,Delhi,Mundka,28.6734,77.0108
910002,Mundka Toll Plaza,PF,NATIONAL,Delhi,Delhi,28.673459,77.010802
536517,Mormugao port Toll Plaza,BOT,NATIONAL,Goa,Mormugao,15.4077288,73.7902793
536659,Sukekulan Mopa Toll Plaza,PF,NATIONAL,Goa,Dhargal,15.689516,73.837917
1002,L&T Vadodra Toll Plaza,Conc.,NATIONAL,Gujarat,Vadodara,22.015027,73.115049
2001,Boriach Toll Plaza,PF,NATIONAL,Gujarat,Navsari,20.885548,73.052162
2003,Bhagwada Toll Plaza,PF,NATIONAL,Gujarat,Valsad,20.43495,72.917204
2004,Choryasi Toll Plaza,PF,NATIONAL,Gujarat,Surat,21.303367,72.95418
2005,Ahmedabad Toll Plaza,Conc.,NATIONAL,Gujarat,Ahmedabad,22.975793,72.650335
2006,Ahmedabad (Ring Road) Toll Plaza,Conc.,NATIONAL,Gujarat,Ahmedabad,22.973846,72.473028
2007,Nadiad Toll Plaza,Conc.,NATIONAL,Gujarat,Kheda,22.696475,72.896397
2008,Anand Toll Plaza,Conc.,NATIONAL,Gujarat,Anand,22.594556,72.981298
2009,Vadodara Toll Plaza,Conc.,NATIONAL,Gujarat,Vadodara,22.413798,73.149308
2010,Ahmedabad Ring Road-2 Toll Plaza,Conc.,NATIONAL,Gujarat,Ahmedabad,22.9713406,72.6613226
2011,Kheda Toll Plaza,Conc.,NATIONAL,Gujarat,Kheda,22.715938,72.740905
2012,Vasad Toll Plaza,Conc.,NATIONAL,Gujarat,Anand,22.453302,73.070523
52001,Pithadiya Toll Plaza,Conc.,NATIONAL,Gujarat,Rajkot,22.082642,70.781004
52002,Bharudi Toll Plaza,Conc.,NATIONAL,Gujarat,Rajkot,21.805381,70.663976
63001,Bhatwada Toll Plaza,Conc.,NATIONAL,Gujarat,Dahod,22.79296,73.842845
96001,Surajbari Toll Plaza,TOT,NATIONAL,Gujarat,Kutch,23.233738,70.689457
97001,Vaghasiya Toll Plaza,TOT,NATIONAL,Gujarat,Morbi,22.42301,71.088805
98001,Vanana Toll Plaza,TOT,NATIONAL,Gujarat,Porbandar,21.664929,69.709536
99001,Dhumiyani Toll Plaza,TOT,NATIONAL,Gujarat,Rajkot,21.751451,70.326793
100001,Samakhiali Toll Plaza,Conc.,NATIONAL,Gujarat,Kutch,23.308555,70.49059
217001,Bhatia  Toll Plaza,Conc.,NATIONAL,Gujarat,Surat,21.090354,72.922502
217002,Mandal Toll Plaza,Conc.,NATIONAL,Gujarat,Tapi,21.134892,73.478457
243001,Mujras Toll Plaza,Conc.,NATIONAL,Gujarat,Ahmedabad,25.2747754,74.4927949
336005,KHEMANA TOLL PLAZA,PF,NATIONAL,Gujarat,Banaskantha,24.241335,72.462709
336006,Mandva Toll Plaza,PF,NATIONAL,Gujarat,Ankleshwa,21.7016001,73.0609234
336007,Vantada Toll Plaza,PF,NATIONAL,Gujarat,Aravalli,23.61615,73.254472
336008,Kuchadi Toll Plaza,PF,NATIONAL,Gujarat,Porbander,21.69753663,69.53280984
336009,Okhamadi Toll Plaza,PF,NATIONAL,Gujarat,Dwarka,22.08019901,69.13387008
336010,Dari  Toll Plaza,PF,NATIONAL,Gujarat,Gir Somna,20.961278,70.334386
336011,Varahi Toll Plaza,PF,NATIONAL,Gujarat,Patan,23.791235,71.427581
336012,Makhel Toll Plaza,PF,NATIONAL,Gujarat,Kutch,23.490455,70.942639
336013,Bhiladi Toll Plaza,PF,NATIONAL,Gujarat,Banaskantha,24.143877,71.977151
336014,Bhalgam Toll Plaza,PF,NATIONAL,Gujarat,Banaskantha,23.912345,71.783983
336015,Gadoi  Toll Plaza,PF,NATIONAL,Gujarat,Junagadh,21.425234,70.295437
336016,Pithai Toll Plaza,PF,NATIONAL,Gujarat,Kheda,22.912793,72.957362
336017,Vavadi Toll Plaza,PF,NATIONAL,Gujarat,Panchmahal,22.792571,73.533274
336018,Mokha Toll Plaza,PF,NATIONAL,Gujarat,Kutch,22.934663,69.801655
336019,Kathpur Toll Plaza,PF,NATIONAL,Gujarat,Sabarkantha,23.410181,72.828618
336020,Kobadi Toll Plaza,PF,NATIONAL,Gujarat,Bhavnagar,21.61976,72.14159333
336021,Nageshri Toll Plaza,PF,NATIONAL,Gujarat,Nageshri,20.9166056,71.3220944
336022,Gorsar Toll Plaza,PF,NATIONAL,Gujarat,Gorsar,21.31811111,69.90972222
336023,Bhordu Toll Plaza,PF,NATIONAL,Gujarat,Bhordu,24.494001,72.268802
336024,Panthawada toll plaza,PF,NATIONAL,Gujarat,Panthawa,24.447519,71.752014
336025,Bhadbhid Fee Plaza,PF,NATIONAL,Gujarat,Bhavnagar,21.985168,72.09187
336026,Dharampur Danta Toll Plaza,PF,NATIONAL,Gujarat,Jamkhamb,22.248046,69.684218
536002,HSTL TP01-Khadki Toll Plaza,Conc.,STATE,Gujarat,Khadki,22.6479969,73.5197764
536003,HSTLTP02-Gaman Bariyanamuvada Toll Plaza,Conc.,STATE,Gujarat,Gaman Ba,23.0127692,73.6180402
536004,HSTL TP03-Galiya Danti Toll Plaza,Conc.,STATE,Gujarat,Galiya Dan,23.3639618,73.5152351
536005,HSTL TP04-Gajan Toll Plaza,Conc.,STATE,Gujarat,Gajan,23.5051103,73.3033763
536006,Bamanbore TOLL PLAZA,PF,STATE,Gujarat,Surendranagar,22.4097,71.0155
536007,Bagodara TOLL PLAZA,PF,STATE,Gujarat,Ahmedabad,22.6307,72.1793
536008,AMTL-TP-01 Vasna-Iyava,Conc.,STATE,Gujarat,Vasna-Iyav,23.0073,72.3477
536009,AMTL-TP02-Malvan Toll Plaza,Conc.,STATE,Gujarat,Malvan,23.0709,71.785
536010,AMTL-TP03-Soldi Toll Plaza,Conc.,STATE,Gujarat,Soldi,23.0009,71.3728
536011,AMTL-TP04-Aniyari Toll Plaza,Conc.,STATE,Gujarat,Aniyari,23.0725,70.8583
536012,Vanpari-Paddhari Toll Plaza,Conc.,STATE,Gujarat,Rajkot,22.4460011,70.5835058
536013,Soyal Toll Plaza,Conc.,STATE,Gujarat,Jamnagar,22.5501006,70.3491712
536014,Jamnagar Bypass-Vadinar Toll Plaza,Conc.,STATE,Gujarat,Jamnagar,22.4271343,69.9139827
536015,Bochasan Toll Plaza,Conc.,STATE,Gujarat,Anand,22.413346,72.8518924
536017,Vataman Toll Plaza,PF,STATE,Gujarat,Vataman,22.50433,72.42652
536018,Vadodra Toll Plaza,Conc.,STATE,Gujarat,Vadodra,22.353256,73.236924
536019,Halol Toll Plaza,Conc.,STATE,Gujarat,Halol,22.489873,73.465586
536020,Adalaj Toll Plaza,Conc.,STATE,Gujarat,Adalaj,23.18649,72.5602
536021,Mehsana Toll Plaza,Conc.,STATE,Gujarat,Mehsana,23.52749,72.38813
536022,Alva Toll Plaza,Conc.,STATE,Gujarat,Bayad,23.2730374,73.2044535
536023,Bakrol Toll Plaza,Conc.,STATE,Gujarat,Ahmedabad,22.93523,72.51976
536024,Kansari Toll Plaza,BOT,STATE,Gujarat,Deesa,24.31493,72.1462
536025,Kuchhvada Toll Plaza,BOT,STATE,Gujarat,Deesa,24.4583,72.2698
536026,Sanathal Toll Plaza,Conc.,STATE,Gujarat,Ahmedabad,22.97411,72.47305
536027,Vaishnodevi Toll Plaza,Conc.,STATE,Gujarat,Ahmedabad,23.12824,72.51773
536032,Ramol Toll Plaza,Conc.,STATE,Gujarat,Ahmedabad,22.98407,72.6638
536033,Ranasan Toll Plaza,Conc.,STATE,Gujarat,Ahmedabad,23.09635,72.68619
536034,Bhat Toll Plaza,Conc.,STATE,Gujarat,Ahmedabad,23.11564,72.6421
536035,Tragad Toll Plaza,Conc.,STATE,Gujarat,Ahmedabad,23.12854,72.59257
536052,Tarana Toll Plaza,PF,NATIONAL,Gujarat,Tarana,22.741453,70.488588
536131,Angiya Toll Plaza,Conc.,STATE,Gujarat,Angiya,23.32546,69.31038
536132,Deshalpar Toll Plaza,Conc.,STATE,Gujarat,Deshalpar,23.19571,69.47114
536171,Kasherol Toll Plaza,Conc.,STATE,Gujarat,Kasherol,21.7152586268431,72.7810618346207
536200,Bhirandiyara Toll Plaza,PF,NATIONAL,Gujarat,Bhuj,23.633583,69.692159
536203,Rohisa Toll Plaza,PF,NATIONAL,Gujarat,Bhavnagar,21.190534,71.8638496
536309,Sundarpara Toll Plaza,PF,NATIONAL,Gujarat,Somnath,20.901753,70.514977
536310,Dodaka Toll Plaza,PF,NATIONAL,Gujarat,Vadodara,22.4374,73.0907
536311,Fajalpur Toll Plaza,PF,NATIONAL,Gujarat,Vadodara,22.4494,73.0959
536312,Samiyala Toll Plaza,PF,NATIONAL,Gujarat,Vadodara,22.2614,73.1093
536313,Sanpa Toll Plaza,PF,NATIONAL,Gujarat,Vadodara,22.0025,73.0051
536314,DahegamToll Plaza,PF,NATIONAL,Gujarat,Bharuch,21.6934,72.9247
536329,Velva Toll Plaza,PF,NATIONAL,Gujarat,Kodinar,20.805529,70.813545
536459,TP24 Nana Masera Toll Plaza,PF,NATIONAL,Gujarat,Tharad,24.5874659,71.72047
536460,TP25 Budhanpur Toll Plaza,PF,NATIONAL,Gujarat,Tharad,24.4189795,71.6499071
536461,TP26 Tharad Toll Plaza,PF,NATIONAL,Gujarat,Tharad,24.3819138,71.6471672
536462,TP27 Jorawargadh Toll Plaza,PF,NATIONAL,Gujarat,Jorawarga,24.090786,71.47042
536463,TP28 Varonosari Toll Plaza,PF,NATIONAL,Gujarat,Varonosar,23.910654,71.33903
536464,TP29 Bakutra Toll Plaza,PF,NATIONAL,Gujarat,Bakutra,23.797251,71.196877
536518,Himmatnagar Bypass Toll Plaza,PF,STATE,Gujarat,Himmatnagar,23.5929338,72.9444407
536612,Ena Toll Plaza,PF,NATIONAL,Gujarat,Surat,21.108402,73.031353
536711,Valinda Toll Plaza,PF,NATIONAL,Gujarat,Dholera,22.351507,72.249493
536712,Pipli Toll Plaza,PF,NATIONAL,Gujarat,Dholera,22.384881,72.257147
536713,Jalalpur Godhaneshvar toll plaza,PF,NATIONAL,Gujarat,Dholka,22.708651,72.381546
536714,Vejalka toll plaza,PF,NATIONAL,Gujarat,Ahmedabad,22.550805,72.311828
536715,Bhat Village Plaza,PF,NATIONAL,Gujarat,Bavla,22.872288,72.44108
536725,Moti Naroli Toll Plaza,PF,NATIONAL,Gujarat,Kim,21.41336,72.96237
536726,Ena VME Toll Plaza,PF,NATIONAL,Gujarat,Bardoli,21.10846,73.03039
536727,Gandeva Toll Plaza,PF,NATIONAL,Gujarat,Navsari,20.86442,73.07039
536743,Kukma Toll Plaza,PF,NATIONAL,Gujarat,Ahmedabad,23.21221352,69.79331291
536744,Varshamedi Fee Plaza,PF,NATIONAL,Gujarat,Anjar,23.14613399,70.10840624
536826,Zab Toll Plaza,CONC,STATE,Gujarat,Mandvi,21.302312,73.184301
536827,Karanj Toll Plaza,CONC,STATE,Gujarat,Mandvi,21.3737965,72.9837918
910000,Choryasi toll plaza,PF,NATIONAL,Gujarat,Ahmedabad,21.303367,72.95418
7001,Kherki Daula Toll Plaza,Conc.,NATIONAL,Haryana,Gurgaon,28.395604,76.98176
39001,L&T PANIPAT TOLL PLAZA,Conc.,NATIONAL,Haryana,Panipat,29.433664,76.97014
103001,Jat Gangaicha Toll Plaza,Conc.,NATIONAL,Haryana,Rewari,28.275006,76.613363
103002,Dighal Toll Plaza,Conc.,NATIONAL,Haryana,Jhajjar,28.776746,76.621688
104001,Makrauli Kalan Toll Plaza,Conc.,NATIONAL,Haryana,Rohtak,28.944307,76.609736
104002,Dahar Toll Plaza,Conc.,NATIONAL,Haryana,Panipat,29.31922,76.918442
154001,Gharonda Toll Plaza,PF,NATIONAL,Haryana,Karnal,29.582281,76.978398
154002,Ghagghar Toll Plaza,PF,NATIONAL,Haryana,Ambala,30.403876,76.736573
155001,Chandimandir Toll Plaza,Conc.,NATIONAL,Haryana,Panchkula,30.738834,76.897977
239400,Rohad Toll Plaza,Conc.,NATIONAL,Haryana,Rohtak,28.754563,76.795216
242000,Madina Toll Plaza,Conc.,NATIONAL,Haryana,Rohtak,28.9374978,76.3981516
242001,Mayar Toll Plaza,Conc.,NATIONAL,Haryana,Hisar,29.100827,75.885338
312001,Narwana Toll Plaza,Conc.,NATIONAL,Haryana,Dharamgarh,29.5781487,76.0887316
312002,Badopatti Toll Plaza,Conc.,NATIONAL,Haryana,Bado patti,29.298647,75.8199341
312003,Chaudhariwa Toll Plaza,Conc.,NATIONAL,Haryana,Chaudhari,28.9974934,75.6043331
312017,Bhavdeen  Toll Plaza,PF,NATIONAL,Haryana,Sirsa,29.5326385,75.2009966
312018,Khuian Malkna Toll Plaza,PF,NATIONAL,Haryana,Sirsa,29.8807,74.793858
312019,Main Jakhauli Toll Plaza,PF,NATIONAL,Haryana,Jakhauli,28.917251,77.161054
312020,Maujpur Toll Plaza,PF,NATIONAL,Haryana,Maujpur,28.284826,77.43934
312021,Chhajju Nagar Toll Plaza,PF,NATIONAL,Haryana,Chhajju Nagar,28.0989714,77.3639658
312022,Bhagan Toll Plaza,PF,NATIONAL,Haryana,Sonipat,29.071744,77.0601904
312023,Landhari Toll Plaza,PF,NATIONAL,Haryana,Hisar,29.2922726,75.6481065
312024,Milk Majra Toll Plaza,PF,NATIONAL,Haryana,Shahjadpur,30.2117,77.19388
312025,Kitlana Toll Plaza,PF,NATIONAL,Haryana,Bhiwani,28.69299,76.158534
312026,Chhara Toll Plaza,PF,NATIONAL,Haryana,Jhajjar,28.712879,76.724937
312027,Badarpur Faridabad Toll Plaza,PF,NATIONAL,Haryana,Faridabad,28.476208,77.305485
312028,Peont Toll Plaza,PF,NATIONAL,Haryana,Karnal,29.623442,76.784786
312029,Saini Majra Toll Plaza,PF,NATIONAL,Haryana,Saini Majr,30.196922,76.70574
312030,Thana Village Toll Plaza,PF,NATIONAL,Haryana,Kaithal,29.9105,76.50713
312031,Khatkar Toll plaza,PF,NATIONAL,Haryana,Narwana,29.3945179,76.2525359
312032,Jaloli Fee Plaza,PF,NATIONAL,Haryana,Jaloli,30.5859671,76.9452524
312035,Sirohi Bahali TOLL PLAZA,PF,NATIONAL,Haryana,Narnaul,27.93268775,76.12719041
312036,Kundali Toll Plaza,Conc.,STATE,Haryana,Kundali,28.911104,77.025054
312037,Kharkhoda Toll Plaza,Conc.,STATE,Haryana,Kharkhoda,28.858488,76.946385
312038,Asoda Toll Plaza,Conc.,STATE,Haryana,Asoda,28.725089,76.846528
312039,Badli Toll Plaza,Conc.,STATE,Haryana,Badli,28.575254,76.820849
312040,Farukhnagar Toll Plaza,Conc.,STATE,Haryana,Farukhnagar,28.455781,76.856801
312041,PATODI TOLL PLAZA,Conc.,STATE,Haryana,Patodi,28.391538,76.86769
312042,MANESHAR-7A Toll Plaza,Conc.,STATE,Haryana,Manesar,28.326367,76.890515
312043,MANESHAR-7B  Toll Plaza,Conc.,STATE,Haryana,Manesar,28.310995,76.895142
312044,TAURU TOLL PLAZA,Conc.,STATE,Haryana,Tauru,28.219695,76.997181
312045,NUH TOLL PLAZA,Conc.,STATE,Haryana,Nuh,28.179226,77.074981
312046,PALWAL TOLL PLAZA,Conc.,STATE,Haryana,Palwal,28.102706,77.30527
312047,Ghamroj Sohna Road Toll Plaza,Conc.,NATIONAL,Haryana,Gurugram,28.3336041,77.0673886
312048,Jharoti Toll Plaza,PF,NATIONAL,Haryana,Sonipat,28.9225,76.95248
312049,Karman Toll Plaza,DBFOT,NATIONAL,Haryana,Palwal,27.85546,77.40264
312050,Gadpuri Toll Plaza,DBFOT,NATIONAL,Haryana,Palwal,28.2492382609696,77.2914235867659
312051,Chandlana Toll Plaza,PF,NATIONAL,Haryana,Chandlana,29.861128,76.641341
312052,Mohna Toll Plaza,PF,NATIONAL,Haryana,Mohna,29.650296,76.559183
312053,Kheri Sharaf Ali Toll Plaza,PF,NATIONAL,Haryana,Kheri Shar,29.552076,76.534499
312054,Bahri Toll Plaza,PF,NATIONAL,Haryana,Bahri,29.485337,76.512439
312055,Amrawali Khera Toll Plaza,PF,NATIONAL,Haryana,Amrawali,29.366693,76.481095
312056,Chabri Toll Plaza,PF,NATIONAL,Haryana,Chabri,29.197681,76.469761
312057,Kilazafargarh Toll Plaza,PF,NATIONAL,Haryana,Kilazafarga,29.098408,76.425469
312058,Bainsi Toll Plaza,PF,NATIONAL,Haryana,Bainsi,29.026614,76.399856
312059,Kharkhara Toll Plaza,PF,NATIONAL,Haryana,Kharkhara,28.926778,76.376
312060,Kherari Toll Plaza,PF,NATIONAL,Haryana,Kherari,28.826478,76.348169
312061,Dadri Toll Plaza,PF,NATIONAL,Haryana,Dadri,28.606077,76.304827
312062,Buchawas Toll Plaza,PF,NATIONAL,Haryana,Buchawas,28.304683,76.223563
312063,Bhalkhi Toll Plaza,PF,NATIONAL,Haryana,Bhalkhi,28.208603,76.203269
312064,Jat Guwana Toll Plaza,PF,NATIONAL,Haryana,Jat Guwan,28.121286,76.179413
312065,Pabanawa Toll Plaza,PF,NATIONAL,Haryana,Pabanawa,29.904809,76.646841
312066,Bamla Toll Plaza,PF,NATIONAL,Haryana,Bhiwani,28.8048,76.2232
312067,Hilalpur Fee Plaza,PF,NATIONAL,Haryana,Gurugram,28.212915,77.124201
312068,Khalilpur NH fee plaza,PF,NATIONAL,Haryana,Palwal,28.158576,77.15209
312069,Kalinger Fee Plaza,PF,NATIONAL,Haryana,Nuh,28.023657,77.11306
312070,Ghata Samsabad Fee Plaza,PF,NATIONAL,Haryana,Nuh,27.765879,76.993905
312071,Tamsabad Toll Plaza,PF,NATIONAL,Haryana,Panipat,29.390801,77.135678
312073,Kiranj Toll Plaza,PF,NATIONAL,Haryana,Nuh,28.188888,77.172178
312074,Khalilpur SH Toll Plaza,BOT,STATE,Haryana,Mewat,28.157553,77.152888
313003,Morwala Toll Plaza,PF,NATIONAL,Haryana,Charkhi Dadri,28.641,76.3815
313004,Bass Toll Plaza,PF.,NATIONAL,Haryana,Bass,29.127304,76.209427
313005,Bisalwas Toll Plaza,PF,NATIONAL,Haryana,Jhajjar,28.468107,75.889119
536093,Jogewal Toll Plaza,PF,NATIONAL,Haryana,Mandi Dabwali,29.9621364,74.7514268
536094,Dabwali Toll Plaza,PF,NATIONAL,Haryana,Mandi Dabwali,29.9402019,74.7512062
536095,Alika Toll Plaza,PF,NATIONAL,Haryana,Mandi Dabwali,29.9209392,74.7269695
536096,Shergarh Toll Plaza,PF,NATIONAL,Haryana,Mandi Dabwali,29.9063058,74.6526411
536097,Abubshehar Toll Plaza,PF,NATIONAL,Haryana,Mandi Dabwali,29.8310108,74.541811
536098,Chautala Toll Plaza,PF,NATIONAL,Haryana,Mandi Dabwali,29.7874467,74.5186865
536343,Bandhwari Toll Plaza,Conc,STATE,Haryana,Gurugram,28.4122315,77.1669265
536344,Crusher Zone Toll Plaza,Conc,STATE,Haryana,Faridabad,28.4051151999999,77.2296242
536345,Pakhal Toll Plaza,Conc,STATE,Haryana,Faridabad,28.359658,77.215948
536346,Nunehra Toll Plaza,Conc,STATE,Haryana,Gurugram,28.24182,77.118246
536372,Jhinjholi Toll Plaza,PF,NATIONAL,Haryana,Sonipat,28.850034,77.018906
536406,Hassangarh Toll Plaza,PF,NATIONAL,Haryana,Rohtak,28.850278,76.825278
536407,Humanyupur Toll Plaza,PF,NATIONAL,Haryana,Rohtak,28.894856,76.798999
536408,Puthi Toll Plaza,PF,NATIONAL,Haryana,Sonipat,29.064444,76.684444
536409,Issapur Kheri Toll Plaza,PF,NATIONAL,Haryana,Sonipat,29.2264618,76.594204
536410,Jamni Toll Plaza,PF,NATIONAL,Haryana,Jind,29.401759,76.489368
536411,Alewa Toll Plaza,PF,NATIONAL,Haryana,Jind,29.460138,76.440484
536412,Kharak Pandwa Toll Plaza,PF,NATIONAL,Haryana,Kaithal,29.692118,76.282837
536454,Chandi Toll Plaza,Conc.,NATIONAL,Haryana,Rohtak,29.0071462850968,76.5083047511308
536465,Jamni NH152-D Toll Plaza,PF,NATIONAL,Haryana,Jind,29.401759,76.489368
536473,Peelak Toll Plaza,PF,NATIONAL,Haryana,Palwal,28.127789,77.406093
536539,Bartana Toll Plaza,PF,NATIONAL,Haryana,JIND,29.1625,762849
536575,Banaundi Toll Plaza,PF,NATIONAL,Haryana,Banaundi,30.4484338,77.0712295
536647,Bijwasan Toll Plaza,PF,NATIONAL,Haryana,Delhi,28.5336,77.0336
536664,Mohana Toll Plaza,Public Fun,NATIONAL,Haryana,Sonipat,29.22548,76.522786452
536776,Bawani Khera Toll Plaza,PF,NATIONAL,Haryana,Bhiwani,28.980313,76.017813
536845,Jasaur Kheri Toll Plaza,BOT,STATE,Haryana,Jhajjar,28.78848,76.881542
317002,Dolhu Nallah Fee Toll Plaza,PF,NATIONAL,Himachal Pradesh,Mandi,31.720926,76.945425
317003,Sanwara Toll Plaza,PF,NATIONAL,Himachal Pradesh,Sanwara,30.890896,77.005475
340064,Takoli  Toll Plaza,PF,NATIONAL,Himachal Pradesh,Takoli,31.8108638888889,77.1840555555556
350047,Baloh Toll Plaza,PF,NATIONAL,Himachal Pradesh,Baloh,31.42038,76.7983
517000,Alooground Manali Toll Plaza,Conc.,STATE,Himachal Pradesh,Manali,32.199801,77.188008
517001,Sumaropa Toll Plaza,Conc.,STATE,Himachal Pradesh,Kasol,32.0061,77.2777
517002,Jagatsukh Toll Plaza,Conc.,STATE,Himachal Pradesh,Manali,32.19613,77.203707
517003,Atal Tunnel Toll Plaza,PF,STATE,Himachal Pradesh,Manali,32.44013,77.1651
536485,Ghatta Toll Plaza,PF,NATIONAL,Himachal Pradesh,Kangra,32.02941,76.246884
536597,Govind Ghat Toll Plaza,Conc.,STATE,Himachal Pradesh,Paonta Sahib,30.4351,77.626
536638,Parwanoo Toll Plaza,Conc.,STATE,Himachal Pradesh,Parwanoo,30.840418,76.944969
536639,Tipra Byepass Toll Plaza,Conc.,STATE,Himachal Pradesh,Parwanoo,30.836107,76.968422
536640,Garamoura Toll Plaza,Conc.,STATE,Himachal Pradesh,Swarghat,31.216666,76.653402
536643,Baddi Toll Plaza,Conc.,STATE,Himachal Pradesh,Baddi,30.922329,76.801148
536679,Tunuhatti Toll Plaza,Conc,STATE,Himachal Pradesh,Tunuhatti,32.480878,75.909629
536680,Nurpur Toll Plaza,Conc.,STATE,Himachal Pradesh,NURPUR,32.283381,75.770398
318004,Bann Toll Plaza,PF,NATIONAL,Jammu & Kashmir,Udhampur,32.838928,74.940536
318006,Kaichachkoot Toll Plaza,PF,NATIONAL,Jammu & Kashmir,Pulwama,33.874607,75.043232
318007,Lakhanpur Toll Plaza,PF,NATIONAL,Jammu & Kashmir,Jammu,32.382108,75.598964
318009,Nashri toll plaza,PF.,NATIONAL,Jammu & Kashmir,Ramban,33.1299,75.29348
318010,Mada toll plaza,PF.,NATIONAL,Jammu & Kashmir,Ramban,33.1304683,75.2941524
318011,Ujroo toll plaza,PF,NATIONAL,Jammu & Kashmir,Quazigund,33.5678,75.1832
318012,Lamber toll plaza,PF,NATIONAL,Jammu & Kashmir,Banihal,34.0922,74.8022
536426,Dondpur plaza,PF,NATIONAL,Jammu & Kashmir,Jammu,32.676933,74.766253
209001,Beliyad toll plaza,Conc.,NATIONAL,Jharkhand,Dhanbad,23.763627,86.79803
392008,Rasoiya Dhamna Toll Plaza,PF,NATIONAL,Jharkhand,Hazaribagh,24.3234,85.3881
392010,Tand Balidih Toll Plaza,PF,NATIONAL,Jharkhand,Bokaro,23.6679825,86.0449121
392011,Murma Toll Plaza,PF,NATIONAL,Jharkhand,Ranchi,23.4467255,85.1199769
392012,Sosokhurd Toll Plaza,PF,NATIONAL,Jharkhand,Dhanbad,23.548958,85.756721
392013,Ghanghri Toll Plaza,PF,NATIONAL,Jharkhand,Giridih,24.030088,85.948654
392014,Pundag toll plaza,TOT,NATIONAL,Jharkhand,Ranchi,23.542861,85.502734
392015,Navasari Toll Plaza,PF,NATIONAL,Jharkhand,Dhanbad,23.797494,86.430301
392016,Kothiya Toll Plaza,PF,NATIONAL,Jharkhand,Sahibganj,25.238246,87.647616
392017,KOKPARA TOLL PLAZA,PF,NATIONAL,Jharkhand,Kokpara,22.4459665,86.5983467
392018,Nagwan Toll plaza,PF,NATIONAL,Jharkhand,Hazaribagh,24.044628,85.385762
392019,Edalhatu Toll Plaza,PF.,NATIONAL,Jharkhand,Ranchi,23.1806311,85.5742348
392020,Pata Toll Plaza,PF,NATIONAL,Jharkhand,Chandil,22.930225,86.063708
392021,Pupunki Toll Plaza,PF,NATIONAL,Jharkhand,Bokaro,23.668205,86.045153
392022,Adityapur Toll Bridge,BOT,STATE,Jharkhand,Adityapur,22.7998439,86.1444717
392023,Putru Toll Plaza,PF,NATIONAL,Jharkhand,Jamshedpur,22.681826,86.397622
536063,Patrachauli Toll Plaza,PF,NATIONAL,Jharkhand,Ranchi,23.3215317,85.1503319
536179,Tetla Toll Plaza,PF,NATIONAL,Jharkhand,Ranchi,22.6437798,86.1739273
536213,Hariharnath Toll Plaza,PF,NATIONAL,Jharkhand,Harihargan,24.505163,84.248302
536395,Turup Toll Plaza,PF,NATIONAL,Jharkhand,Ranchi,23.40538,85.467893
536431,Madangundi Toll Plaza,PF,NATIONAL,Jharkhand,Koderma,24.3689118,85.4830706
536471,Garhdevi Toll Plaza,PF,NATIONAL,Jharkhand,Garhwa,24.103789,83.531862
536493,Anjan Dham Toll Plaza,PF,NATIONAL,Jharkhand,Gumla,23.125504,84.690698
536710,Bansidhar Toll Plaza,PF,NATIONAL,Jharkhand,Garhwa,24.263388,83.420065
536749,Medininagar Toll Plaza,PF,NATIONAL,Jharkhand,Daltonganj,23.9834244604098,84.1355160522068
536753,Yogini Mata Toll Plaza,PF,NATIONAL,Jharkhand,Godda,24.7010083,87.18446911
16001,Vanagiri Toll Plaza,Conc.,NATIONAL,Karnataka,Koppal,15.819341,76.174865
16002,Shahapur Toll Plaza,Conc.,NATIONAL,Karnataka,Koppal,15.357898,76.312781
16003,Hitnal Toll Plaza,Conc.,NATIONAL,Karnataka,Koppal,15.323649,76.303646
17001,Karjeevanhally Toll Plaza,Conc.,NATIONAL,Karnataka,Tumkur,13.612918,76.953866
17002,Guilalu Toll Plaza,Conc.,NATIONAL,Karnataka,Chitradurga,14.053778,76.560573
29001,Laxamannath Toll Plaza,Conc.,NATIONAL,Karnataka,Bangalore,13.193545,77.64981
35001,ELECTRONIC CITY Phase-1 Toll Plaza,Conc.,NATIONAL,Karnataka,Bangalore,12.84615,77.671765
35002,ATTIBELLE TOLL PLAZA,Conc.,NATIONAL,Karnataka,Bangalore,12.776883,77.777119
46001,Bijapur Toll Plaza,Conc.,NATIONAL,Karnataka,Bijapur,16.786741,75.739648
46002,Nagarhalla Toll Plaza,Conc.,NATIONAL,Karnataka,Bagalkot,16.290371,75.923507
111001,Hirebgewadi toll plaza,Conc.,NATIONAL,Karnataka,Belagavi,15.76311,74.64785
115001,Kulumapalya toll plaza,Conc.,NATIONAL,Karnataka,Bangalore,13.114638,77.37463
115002,Chokkenahalli toll plaza,Conc.,NATIONAL,Karnataka,Tumkur,13.302065,77.161956
116001,Banglaore-Nelamangala Plaza,Conc.,NATIONAL,Karnataka,Bangalore,13.090678,77.399788
116003,Devanahalli Toll Plaza,Conc.,NATIONAL,Karnataka,Bangalore,13.1935464,77.6475256
118001,Nelamangala Toll Plaza,Conc.,NATIONAL,Karnataka,Bangalore,13.0924871,77.3944374
118002,Bellur Toll Plaza,Conc.,NATIONAL,Karnataka,Mandya,12.9628049,76.7704144
119001,Hoskote Toll Plaza,Conc.,NATIONAL,Karnataka,Bangalore,13.059436,77.770734
119002,Mulbagal Toll Plaza,Conc.,NATIONAL,Karnataka,Kolar,13.148469,78.290548
120001,Shantigrama Toll Plaza,Conc.,NATIONAL,Karnataka,Hassan,12.982709,76.228913
120002,Kadabhalli(Kirasave) Toll Plaza,Conc.,NATIONAL,Karnataka,Mandya,12.958304,76.623563
239600,Nangli Toll Plaza,Conc.,NATIONAL,Karnataka,Kolar,13.194547,78.545287
257001,Sasthan Toll Plaza,Conc.,NATIONAL,Karnataka,Sasthan,13.476043,74.7127896
257002,HEJAMADI TOLL PLAZA,Conc.,NATIONAL,Karnataka,Hejamadi,13.1075003,74.7844545763
257003,TALAPADY TOLL PLAZA,Conc.,NATIONAL,Karnataka,Talapady,12.7590772,74.8743029
340057,Gananguru Toll Plaza,PF,NATIONAL,Karnataka,Mandiya,12.472697,76.760373
356006,Belekeri Toll Plaza,Conc.,NATIONAL,Karnataka,Hattikeri,14.7104272,74.2935113
356007,Holgegadde Toll Plaza,Conc.,NATIONAL,Karnataka,Dhareshwar,14.3594475,74.4184843
356008,Shirur Toll Plaza,Conc.,NATIONAL,Karnataka,Shiroor,13.9333649,74.5965095
356016,Bankapur Toll Plaza,PF,NATIONAL,Karnataka,Haveri,14.90999,75.2798
356017,Bagepalli Toll Plaza,PF,NATIONAL,Karnataka,Chikballapur,13.79295,77.764358
356018,Kognoli Toll Plaza,PF,NATIONAL,Karnataka,Belagavi,16.5422,74.31825
356019,Chalageri Toll Plaza,PF,NATIONAL,Karnataka,Haveri,14.556782,75.728072
356020,Hebbalu Toll Plaza,PF,NATIONAL,Karnataka,Davanagere,14.375564,76.106875
356021,Hattargi Toll Plaza,PF,NATIONAL,Karnataka,Belagavi,16.1433,74.51696
356023,Brahamarakotlu Toll Plaza,PF,NATIONAL,Karnataka,Dakshina Kannada,12.8751,75.0039
356024,Yeddore Toll Plaza,PF,NATIONAL,Karnataka,Mysore,12.247019,76.883537
356025,K N Huindy TOLL PLAZA,PF,NATIONAL,Karnataka,Ramanagara,12.9194122,77.4686378
356026,Kannole TOLL PLAZA,PF,NATIONAL,Karnataka,Gulbarga,17.3970044,76.7064433
356027,Harwal TOLL PLAZA,PF,NATIONAL,Karnataka,Gulbarga,17.021227,76.6828832
356028,Kannegala TOLL PLAZA,PF,NATIONAL,Karnataka,Malavalli,11.981411,76.996146
356029,Hirehalli Toll plaza,PF,NATIONAL,Karnataka,Hirehalli,14.524962,76.6644745
356030,Tidagundi Toll Plaza,BOT.,NATIONAL,Karnataka,Vijayapura,17.00835,75.75887
356100,Mangalgi Toll Plaza,Conc.,NATIONAL,Karnataka,Bidar,17.7454925,77.3171313
356103,Thimmalapura Toll Plaza,Conc.,NATIONAL,Karnataka,Bellary,15.05737,76.3569
356104,Kananakatte Toll Plaza,Conc.,NATIONAL,Karnataka,Davangere,14.5381,76.4269
356106,Nalavadi Toll Plaza,PF,NATIONAL,Karnataka,Nalavadi,15.3698720210228,75.3574463349788
356107,Halligudi Fee Plaza,PF,NATIONAL,Karnataka,Halligudi,15.3909,75.8551
356108,Jajirakallu Toll Plaza,Conc.,NATIONAL,Karnataka,Jajirakallu,14.98163,76.834694
356109,Rajatadripura Toll Plaza,PF,NATIONAL,Karnataka,Rajatadrip,13.319,76.6963
356110,Sheshagirihalli Toll Plaza,PF,NATIONAL,Karnataka,Ramanagara,12.84035,77.41846
356111,Kaniminike Toll Plaza,PF,NATIONAL,Karnataka,Bengaluru,12.8596,77.43111
356112,Ganebail Toll Plaza,PF,NATIONAL,Karnataka,Belgaon,15.692835,74.503531
536044,Sarasamba Toll Plaza,Concessio,STATE,Karnataka,Kalaburagi,17.5809346,76.4218373
536045,Pattana Toll Plaza,Concessio,STATE,Karnataka,Kalaburagi,17.3970162,76.7061871
536046,Sannur Toll Plaza,Concessio,STATE,Karnataka,Kalaburagi,17.2883106,77.0015798
536047,Jawahar Nagar Toll Plaza,Concessio,STATE,Karnataka,Kalaburagi,17.1287679,77.3493783
536062,Moka Toll Plaza,Conc.,STATE,Karnataka,Ashok Nagar,15.194774,76.999231
536076,Balenahalli Toll Plaza,PF,NATIONAL,Karnataka,Chitradurga,14.03276798,76.63698973
536107,Kallapura Toll Plaza,Conc.,STATE,Karnataka,Bangalore,14.0805,75.5345
536108,Kutrahalli Toll plaza,Conc.,STATE,Karnataka,Bangalore,14.2849,75.3058
536125,HEDIYALA TOLL PLAZA,Conc.,STATE,Karnataka,Bangalore,14.547139,75.547111
536126,HAMSABHAVI TOLL PLAZA,Conc.,STATE,Karnataka,Bangalore,14.561583,75.346972
536127,DANNUR TOLL PLAZA,Conc.,STATE,Karnataka,Bangalore,16.15425,76.085778
536128,DEVARAHULA BAGAL TOLL PLAZA,Conc.,STATE,Karnataka,Bangalore,16.417556,76.250806
536165,Maddur Checkpost Toll Plaza,BOT,STATE,Karnataka,Gundlupet,11.76904,76.54773
536166,G S Betta Checkpost Toll Plaza,BOT,STATE,Karnataka,Gundlupet,11.720622,76.580423
536167,Kekkanahalla checkpost Toll Plaza,BOT,STATE,Karnataka,Gundlupet,11.618946,76.590337
536183,Linglapura Toll Plaza,PF,NATIONAL,Karnataka,Linglapura,13.44391,76.13782
536198,Hulikunte Toll Plaza,PF,NATIONAL,Karnataka,Bengaluru,13.271,77.3475
536350,SKT Toll Plaza,BOT,STATE,Karnataka,Sandur,15.086331,76.563406
536351,Bhujanganagar Toll Plaza,BOT,STATE,Karnataka,Sandur,15.076736,76.559806
536352,Babaiya toll Plaza,BOT,STATE,Karnataka,Sandur,15.101522,76.571192
536353,ZP Road Toll Plaza,BOT,STATE,Karnataka,Sandur,15.108936,76.570494
536354,Hosapete Bypass Toll Plaza,BOT,STATE,Karnataka,Sandur,15.110119,76.515472
536355,Dharmapur Toll Plaza,BOT,STATE,Karnataka,Sandur,15.064975,76.528664
536383,Chowlagere Toll Plaza,PF,NATIONAL,Karnataka,Hassan,12.963535,75.99261
536422,Mulawad Toll Plaza,PF,NATIONAL,Karnataka,Bijapur,16.636787,75.731832
536437,Chakenahalli Toll Plaza,Conc.,STATE,Karnataka,Chakenah,12.9824,76.8837
536450,Mustapur Toll Plaza,PF,NATIONAL,Karnataka,Aurad,18.09738885,77.45056418
536478,Jalahalli Toll Plaza,Conc,STATE,Karnataka,Jalahalli,16.3711,76.7678
536479,Kakargal Toll Plaza,Conc,STATE,Karnataka,Kakargal,16.3367,77.0619
536482,Sathyagala Toll Plaza,PF,NATIONAL,Karnataka,Bangalore,12.285128,77.131438
536498,Attigulipura Toll plaza,PF,NATIONAL,Karnataka,Chamaraja,11.823441,77.007612
536519,Somanahalli Toll Plaza,PF,NATIONAL,Karnataka,Somanaha,12.783658,77.500957
536545,Punjanur Checkpost Toll Plaza,Conc.,STATE,Karnataka,Chamarajanagar,11.773484,77.107192
536558,Nijagal Kempohalli Toll Plaza,State,STATE,Karnataka,Nelamangala,13.2571,77.2485
536574,Maharajpet Toll Plaza,Conc.,STATE,Karnataka,HANGAL,14.80611,75.15253
536611,Sundrapalya Toll Plaza,PF,NATIONAL,Karnataka,Sundrapal,13.011866,78.404306
536613,Hedaginabele Toll Plaza KM-14,PF,NATIONAL,Karnataka,Malur,13.0447800707807,77.917391780306
536614,Agrahara Toll Plaza KM-24,PF,NATIONAL,Karnataka,Malur,13.0424491766044,77.9998078533201
536615,Krishnarajapura Plaza KM 52,PF,NATIONAL,Karnataka,Bangarpet,13.0040755684863,78.2558577956481
536641,Rampura Toll Plaza,PF,NATIONAL,Karnataka,Vijayapura,16.823379,75.473471
536646,G Hosahalli Toll Plaza,Conc.,STATE,Karnataka,Hosahalli,13.2648,76.9476
536661,Anmod Checkpost,Conc.,STATE,Karnataka,Dandeli,15.439133,74.302876
536677,KRS Downstream Bridge Toll,Conc,STATE,Karnataka,Krishnarajanagara,12.4261,76.5761
536682,Khadernagar Toll Plaza,PF,NATIONAL,Karnataka,Bengaluru,17.90579,77.36431
536779,Bavali Forest Checkpost,CONC,STATE,Karnataka,Mysuru,11.85648,76.11717
546028,Nalluru Devanahalli Toll Plaza,PF,NATIONAL,Karnataka,Bengaluru,13.206308,77.765553
556001,Kadathanamale Toll Plaza,Conc.,STATE,Karnataka,Bangalore,13.2123515,77.5535138
556002,Gunjur Toll Plaza,Conc.,STATE,Karnataka,Bangalore,13.4293608,77.5124912
556003,BYADARAHALLI TOLL PLAZA,Conc.,STATE,Karnataka,GORUR,12.521607,76.041609
556004,NILAVAGILU TOLL PLAZA,Conc.,STATE,Karnataka,RAMANAT,12.6657789,76.0879545
556005,COORGAL TOLL PLAZA,Conc.,STATE,Karnataka,BETTADAP,12.4421692,76.1016017
556006,GUDEMARAN AHALLI TOLL PLAZA,Conc.,STATE,Karnataka,MAGADI,13.022707,77.153308
556007,Chandrabhavi toll plaza,Conc.,STATE,Karnataka,KORATAG,13.344609,77.142203
556008,BUDDAREDDYHALLI TOLL PLAZA,Conc.,STATE,Karnataka,PAVAGAD,14.121006,77.153804
556009,DODDAMAVATHURU TOLL PLAZA,Conc.,STATE,Karnataka,NEAR HUL,12.533502,77.024003
556010,OBALAPURA TOLL PLAZA,Conc.,STATE,Karnataka,NEAR YALL,13.261002,77.093901
556011,Sherewada Toll Plaza,Conc.,STATE,Karnataka,Kundagol,15.260165,75.177026
556012,Chattar Toll Plaza,Conc.,STATE,Karnataka,Mudgal,15.910173,76.446321
556013,Tippanal Toll Plaza,Conc.,STATE,Karnataka,Kanakagiri,15.542704,76.447683
556014,Papanashi Toll Plaza,Conc.,STATE,Karnataka,Avadi Somapur,15.3582487,75.6863757
556015,Hiremannapur Toll Plaza,Conc,STATE,Karnataka,Hiremann,15.7729777,76.2985608
556016,Hemagudda Toll Plaza,DBFOT,STATE,Karnataka,Hemagudd,15.431844,76.405685
556017,Marali Toll Plaza,DBFOT,STATE,Karnataka,Marali Vill,15.4669393,76.5742425
556018,Kurki Toll Plaza,Conc.,STATE,Karnataka,Kurki Villa,14.351626,75.979384
556019,Javoor Toll Plaza,Conc.,STATE,Karnataka,Javoor Vill,13.794751,75.982067
556020,Kamthana Toll Plaza,PF,STATE,Karnataka,Bidar,17.845891,77.448414
556021,Ainoli Toll Plaza,PF,STATE,Karnataka,Chincholi,17.503027,77.431011
556022,Chinchani Toll Plaza,Conc,STATE,Karnataka,Chikodi,16.418376,74.540661
556023,Kabbur Toll Plaza,Conc,STATE,Karnataka,Chikodi,16.359437,74.701976
556024,Link Road(L1) Toll Plaza,Conc,STATE,Karnataka,Bengaluru,12.936583,77.5315
556025,Hosur Road(P1) Toll Plaza,Conc,STATE,Karnataka,Bengaluru,12.858667,77.655833
556026,Tumkur Road (P7) Toll Plaza,Conc,STATE,Karnataka,Bengaluru,13.042389,77.475278
556027,Bannerghatta Road (P2)  Toll Plaza,Conc,STATE,Karnataka,Bengaluru,12.850056,77.588333
556028,Kanakapura Road (P3)  Toll Plaza,Conc,STATE,Karnataka,Bengaluru,12.857833,77.527583
556029,Clever Leaf(P4) Plaza Toll Plaza,Conc,STATE,Karnataka,Bengaluru,12.884139,77.501694
556030,Mysore Road (P5) Toll Plaza,Conc,STATE,Karnataka,Bengaluru,12.903583,77.470028
556031,Magadi Road (P6)  Toll Plaza,Conc,STATE,Karnataka,Bengaluru,12.989944,77.472444
556032,Harpanahalli Toll Plaza,Conc.,STATE,Karnataka,Hadagali,14.806217,75.975065
556033,Mundaragi Toll Plaza,Conc.,STATE,Karnataka,Mundargi,15.138206,75.889905
556034,Sanikoppa Toll Plaza,Conc.,STATE,Karnataka,Bailhongal,15.800694,74.804861
556035,Karikatti Toll Plaza,Conc.,STATE,Karnataka,Soundatti,15.738306,75.063639
556041,Beechagondanahalli Toll Plaza,Conc.,STATE,Karnataka,Beechagon,13.263241,77.944733
556042,Aminbhavi Toll Plaza,Conc.,STATE,Karnataka,Dharwad,15.528545,75.049936
556045,Yashwantpur Toll Plaza,Conc.,STATE,Karnataka,Sandur,15.051567,76.508268
556046,Baneti Toll Plaza,Conc.,STATE,Karnataka,Sandur,15.1520743,76.6083795
123001,Paliyekkara Toll plaza,Conc.,NATIONAL,Kerala,Thrissur,10.442916,76.260181
124001,Kumbalam Toll Plaza,Conc.,NATIONAL,Kerala,Ernakulam,9.895245,76.313541
239700,Pampampallam Toll Plaza,Conc.,NATIONAL,Kerala,Palakkad,10.8131538,76.7957998
367004,Poonarimangalam Toll Plaza,PF,NATIONAL,Kerala,Ernakulam,10.010715,76.257992
367006,Thiruvallam Toll Plaza,PF,NATIONAL,Kerala,Thiruvananthapuram,8.432799,76.959632
367007,Paniyankara Toll Plaza,Conc.,NATIONAL,Kerala,Vadakkencherry,10.590814,76.458274
536071,Devikulam Toll Plaza,PF,NATIONAL,Kerala,Munnar,10.056735,77.104957
536102,Thiruvangad Toll Plaza,PF,NATIONAL,Kerala,Thiruvananthapuram,11.771619,75.493803
536619,Olavanna Fee Plaza,PF,NATIONAL,Kerala,Kozhikode,11.238336,75.840869
536675,Kumbla Fee Plaza,PF,NATIONAL,Kerala,Kumbala,12.600457,74.939672
536748,Vettichira Toll Plaza,PF,NATIONAL,Kerala,Kochi,10.92749,76.02848
27001,Khalghat Toll Plaza,Conc.,NATIONAL,Madhya Pradesh,Dhar,22.173782,75.456797
125002,Choundha Toll Plaza,Conc.,NATIONAL,Madhya Pradesh,Morena,26.468079,78.010109
127001,Malthone Toll Plaza,Conc.,NATIONAL,Madhya Pradesh,Sagar,24.322069,78.526217
127002,Chitora Toll Plaza,Conc.,NATIONAL,Madhya Pradesh,Sagar,23.725416,78.809126
127003,Titarpani Toll Plaza,BOT,NATIONAL,Madhya Pradesh,Sagar,23.217097,79.043014
127004,Bakori Toll Plaza,BOT,NATIONAL,Madhya Pradesh,Damoh,22.8436452,79.3582326
131001,Jamli Toll Plaza,Conc.,NATIONAL,Madhya Pradesh,Barwani,21.75667,75.156824
132001,IDTL Toll Plaza-A,Conc.,NATIONAL,Madhya Pradesh,Indore,22.822692,75.938208
132002,IDTL Toll Plaza-B,Conc.,NATIONAL,Madhya Pradesh,Dewas,22.959586,76.084165
245001,SONWAY Toll Plaza,Conc.,NATIONAL,Madhya Pradesh,Indore,22.6118196,75.7764414
345003,Pagara Toll Plaza,Conc.,NATIONAL,Madhya Pradesh,Guna,24.5069819,77.1860753
345004,Jogipur Toll Plaza,Conc.,NATIONAL,Madhya Pradesh,Biaora,24.0875232,76.9848838
345005,Purankhedi Toll Plaza,Conc.,NATIONAL,Madhya Pradesh,Kolaras,25.1649077,77.6035472
345006,Methwada Toll Plaza,Conc.,NATIONAL,Madhya Pradesh,Indore,22.6731595,75.545744
345007,Dattigaon Toll Plaza,Conc.,NATIONAL,Madhya Pradesh,Jhabua,22.741519,74.836537
345010,Chapra Toll Plaza,Conc.,NATIONAL,Madhya Pradesh,Indore,23.6570433,76.6148339
345011,Rojwas Toll Plaza,Conc.,NATIONAL,Madhya Pradesh,Indore,23.3306354,76.1757945
345033,Heeran Khedi Toll Plaza,Conc.,NATIONAL,Madhya Pradesh,Rajgarh,23.98798,76.801104
345034,Jognihai Toll Plaza,Conc.,NATIONAL,Madhya Pradesh,Rewa,24.5488779,81.4031647
345035,Masuriha Toll Plaza,Conc.,NATIONAL,Madhya Pradesh,Rewa,24.7601633,82.0648097
345036,Baretha Km-21.120  Toll Plaza,Conc.,NATIONAL,Madhya Pradesh,Gwalior,26.320813,78.272572
345037,Phoop(Barahi) Km-105.300 Toll Plaza,Conc.,NATIONAL,Madhya Pradesh,Bhind,26.683184,78.917895
345041,Jhiriya Toll Plaza,Conc.,NATIONAL,Madhya Pradesh,Rewa,24.5702,81.4111
345043,Khambara Toll Plaza,PF,NATIONAL,Madhya Pradesh,Betul,21.6937297,78.3900797
345044,Jungawani Toll Plaza,PF,NATIONAL,Madhya Pradesh,Chhindwara,22.377885,79.151005
345045,Jaitpur Toll Plaza,PF,NATIONAL,Madhya Pradesh,Seoni,22.548497,79.600413
345046,Fulara Toll Plaza,PF,NATIONAL,Madhya Pradesh,Seoni,22.043539,79.418753
345047,Mungwari Toll Plaza,PF,NATIONAL,Madhya Pradesh,Hoshangabad,24.644126,79.336084
345048,Khadda Toll Plaza,PF,NATIONAL,Madhya Pradesh,Rewa,24.522264,81.365223
345050,Sonvarsha Toll Plaza,PF,NATIONAL,Madhya Pradesh,Sidhi,24.3958,81.8024
345051,Panihar Toll Plaza,PF,NATIONAL,Madhya Pradesh,Gwalior,26.097998,78.015844
345052,Mud Kheda Toll Plaza,PF,NATIONAL,Madhya Pradesh,Gwalior,25.6814588,77.7295852
345053,Milanpur Toll Plaza,PF,NATIONAL,Madhya Pradesh,Betul,21.8636943,77.9571605
345054,Ramnagar Toll Plaza,Conc.,NATIONAL,Madhya Pradesh,Shivpuri,25.278913,77.614165
345055,Mehra Toll Plaza,PF,NATIONAL,Madhya Pradesh,Gwalior,26.197589,78.240691
345056,Dagrai Toll Plaza,PF,NATIONAL,Madhya Pradesh,Datia,25.6158907,78.4787578
345057,Shadol/Dhurwar Toll Plaza,PF,NATIONAL,Madhya Pradesh,Bhopal,23.2816398,81.4293698
345058,Odaki Pipkhar Toll Plaza,PF,NATIONAL,Madhya Pradesh,Rewa,24.593492,81.2986
345059,Pathoroundi Toll Plaza,PF,NATIONAL,Madhya Pradesh,Kotma,23.2492475,82.0589565
345060,Ujara Toll Plaza,PF,NATIONAL,Madhya Pradesh,Ujara,25.0854986,79.7085139
345061,Sehatganj Toll Plaza,PF,NATIONAL,Madhya Pradesh,Vidisha,23.288508,77.706068
345062,Saliwada Toll Plaza,PF,NATIONAL,Madhya Pradesh,Jabalpur,23.108205,80.001234
345063,Pandutala Toll Plaza,PF,NATIONAL,Madhya Pradesh,Mandla,22.390935,80.808638
345064,Mohtara Toll Plaza,PF,NATIONAL,Madhya Pradesh,Sihora,23.4336923,80.0873052
345065,Madai Fee Plaza,PF,NATIONAL,Madhya Pradesh,Chaurai,22.553803,79.115999
345066,Majhgawan Toll Plaza,PF,NATIONAL,Madhya Pradesh,Bhopal,23.869976,80.350801
345067,Chikhalikala Toll Plaza,PF,NATIONAL,Madhya Pradesh,Betul,21.842211,78.433626
345068,Bahoripar TOLL PLAZA,PF,NATIONAL,Madhya Pradesh,Jabalpur,23.04675,79.9073666
345069,Kherwasani TOLL PLAZA,PF,NATIONAL,Madhya Pradesh,Katni,24.1222993,80.5994996
345070,Johariya Sheikh Toll Plaza,PF,NATIONAL,Madhya Pradesh,Sagar,23.797401,78.545475
345071,Sonkacch TOLL PLAZA,PF,NATIONAL,Madhya Pradesh,Sehore,23.360541,77.218446
345072,Kachnaria TOLL PLAZA,PF,NATIONAL,Madhya Pradesh,Rajgarh,23.863596,76.92223
345073,Khawasa Toll Plaza,PF,NATIONAL,Madhya Pradesh,Khawasa,21.703044,79.433797
345074,Patariya Goyal Toll Plaza,PF,NATIONAL,Madhya Pradesh,Patariya,23.131971,76.689998
345075,Pachwara Toll Plaza,PF,NATIONAL,Madhya Pradesh,Nowgong,25.134303,79.376709
345076,Mandwara Toll Plaza,PF,NATIONAL,Madhya Pradesh,Mandwara,22.050986,75.11918
345077,Mahauri Toll Plaza,PF,NATIONAL,Madhya Pradesh,Mahauri,24.577226,80.690857
345078,Devgaon Toll Plaza,PF,NATIONAL,Madhya Pradesh,Chhatarpur,24.782925,79.81691
345079,Vishankheda Toll Plaza,PF,NATIONAL,Madhya Pradesh,Raisen,23.022194,77.570611
345080,Harshili Toll Plaza,PF,NATIONAL,Madhya Pradesh,Raisen,23.018177,78.121077
345081,Shahpura Toll Plaza,PF,NATIONAL,Madhya Pradesh,Jabalpur,23.1501,79.7212
345082,Khiriya Fee Plaza,PF,NATIONAL,Madhya Pradesh,Raisen,23.087748,78.486994
345083,Newli Fee Plaza,Conc.,NATIONAL,Madhya Pradesh,Vidisha,24.154715,78.064432
345084,Dhamnod Toll Plaza,Conc.,STATE,Madhya Pradesh,Dhamnod,22.216325,75.513255
345085,Ratanpur Pata Plaza,Conc.,STATE,Madhya Pradesh,Khargaone,22.246727,76.001647
345086,Bhopal Vidisha Toll Plaza,Conc.,STATE,Madhya Pradesh,Sukhisewa,23.37114,77.50287
345087,Chanatoriya (Sagar) Toll Plaza,Conc.,STATE,Madhya Pradesh,Sagar,23.88747,78.87
345088,Bansa (Damoh) Toll Plaza,Conc.,STATE,Madhya Pradesh,Damoh,23.805957,79.370837
345089,Ghatabillod Toll Plaza,Conc.,STATE,Madhya Pradesh,Pithampur,22.64411,75.568497
345090,Sarasdol Toll Plaza,PF,NATIONAL,Madhya Pradesh,Jabalpur,23.115915,79.049163
345091,Talen Mirzapur Toll Plaza,PF,NATIONAL,Madhya Pradesh,Rajgarh,23.585443,76.737047
345092,Goragaon Toll Plaza,PF,NATIONAL,Madhya Pradesh,Goragaon,25.973169,78.835375
345093,Palhan Toll Plaza,PF,NATIONAL,Madhya Pradesh,Rewa,24.77073,81.40089
345094,Bela Toll Plaza,PF,NATIONAL,Madhya Pradesh,Rampur,24.493444,81.143406
345095,Para Fee Plaza,PF,NATIONAL,Madhya Pradesh,Bhind,26.672845,78.730507
536049,Baharagaon Toll Plaza,PF,NATIONAL,Madhya Pradesh,HARDA,22.315154,77.250122
536053,Sirsod Toll Plaza,Conc.,STATE,Madhya Pradesh,Shivpuri,25.490262,77.494286
536054,Karahal Toll Plaza,Conc.,STATE,Madhya Pradesh,Goras,25.503944,77.073194
536064,RATWAI Toll Plaza,Conc.,STATE,Madhya Pradesh,GWALIOR,26.242449,78.313129
536065,CHITTORA Toll Plaza,Conc.,STATE,Madhya Pradesh,GOHAD,26.331776,78.489637
536072,Gadha  Toll Plaza,PF,NATIONAL,Madhya Pradesh,Betul,21.9192,77.7388
536091,Semalkhedi Fee Plaza,PF,NATIONAL,Madhya Pradesh,Semalkhed,23.873788,76.107003
536099,Nipaniya Fee Plaza,PF,NATIONAL,Madhya Pradesh,Piplai,23.300828,75.827876
536105,Mengaon Toll Plaza,PF,NATIONAL,Madhya Pradesh,Khargone,21.89575,75.603028
536172,Kadwala Toll Plaza,Conc.,STATE,Madhya Pradesh,"Barod, Shajapur",23.758,75.8295
536173,Tal Phanta Toll Plaza,Conc.,STATE,Madhya Pradesh,Tal,23.7314,75.4116
536174,Chhegaon Makhan Toll Plaza,PF,NATIONAL,Madhya Pradesh,Khandwa,21.784144,76.240169
536204,Sujalpur Akodia Toll Plaza,Conc,STATE,Madhya Pradesh,Akodia,23.389354,76.627212
536242,Pipariya Toll Plaza,Conc,STATE,Madhya Pradesh,Gram Tilar,22.769163,78.355685
536243,Kareli Toll Plaza,Conc,STATE,Madhya Pradesh,Kareli Bast,22.911193,79.054614
536244,IVRCL ramp plaza,PF,NATIONAL,Madhya Pradesh,Dhar,22.741726,74.836322
536245,Patharahata Toll Plaza,PF,NATIONAL,Madhya Pradesh,Unchehra,24.35228,80.79668
536384,Konajhir Toll Plaza,Conc,STATE,Madhya Pradesh,Sehore,23.126453,77.044888
536396,Bordikalan Toll Plaza,Conc,STATE,Madhya Pradesh,Icchawar,22.9550786,77.1014803
536400,Kundi Toll Plaza,PF,NATIONAL,Madhya Pradesh,Gurgunda,22.2305922,77.8934845
536401,JAMGADI Toll Plaza,Conc,STATE,Madhya Pradesh,Gajrabahr,23.126453,77.044888
536405,Nanakpur toll plaza,PF,STATE,Madhya Pradesh,Dewas,22.9303340327668,76.7194770804407
536481,Kishanpura toll plaza,PF,NATIONAL,Madhya Pradesh,Sagar,23.93183,78.548452
536542,Kharsodkhurd Toll Plaza,PF,NATIONAL,Madhya Pradesh,Ujjain,23.12663,75.475851
536555,Dhamokhar Toll Plaza,Conc.,STATE,Madhya Pradesh,UMARIA,23.6305684,80.9221712
536556,Bhadanpur Toll Plaza,Conc.,STATE,Madhya Pradesh,MAIHAR,24.1567236,80.8165465
536557,Sonwari Toll Plaza,Conc.,STATE,Madhya Pradesh,MAIHAR,24.234734,80.7888797
536560,Barwaikheda Toll Plaza,PF,NATIONAL,Madhya Pradesh,Kannod,22.628611,76.832777
536620,Mana Toll Plaza,PF,NATIONAL,Madhya Pradesh,Mana,23.999963,76.230951
536636,Mau Toll Plaza,Conce.,STATE,Madhya Pradesh,Shahdol,24.100937,81.358664
536637,Karki Toll Plaza,Conc.,STATE,Madhya Pradesh,Shahdol,23.797913,81.382106
536648,Tulheda Toll Plaza (Ch.27+335),PF,NATIONAL,Madhya Pradesh,Ujjain,23.346919,75.79895
536649,Khedakhajuria Toll Plaza(Ch. 40+500),PF,NATIONAL,Madhya Pradesh,Ujjain,23.46434799,75.78362267
536650,Mundla Sondhiya Toll Plaza (Ch. 68+220),PF,NATIONAL,Madhya Pradesh,Ujjain,23.713675,75.740882
536651,Barkheda Barod Toll Plaza (Ch.74+684),PF,NATIONAL,Madhya Pradesh,Arar Malwa Road,23.770673,75.739239
536652,Nayakheda Toll Plaza (Ch. 95+058),PF,NATIONAL,Madhya Pradesh,Jhalawar,23.94895364,75.72164655
536653,Antraliya Toll Plaza (Ch.109+670),PF,NATIONAL,Madhya Pradesh,Mandsaur,24.07108856,75.70631336
536654,Semli Kakad Toll Plaza (Ch.112+500),PF,NATIONAL,Madhya Pradesh,Mandsaur,24.09511218,75.69796935
536669,Kirar Toll Plaza,CONC.,STATE,Madhya Pradesh,Anuppur,23.018648,81.60591
536670,Podaki Checkpost Plaza,CONC.,STATE,Madhya Pradesh,Anuppur,22.788614,81.726064
536823,Karrapur Fee Plaza,CONC,NATIONAL,Madhya Pradesh,sagar,23.946989,78.8819
540506,ANTARVELIYA Toll Plaza,PF,STATE,Madhya Pradesh,Ratlam,22.8654,74.5519
540507,KALMORA Toll Plaza,Conc.,STATE,Madhya Pradesh,Jhabua,23.225745,75.034617
540508,Rau Pithampur Toll Plaza,Conc.,STATE,Madhya Pradesh,Indore,22.628823,75.78631
540509,Golkheri Toll Plaza,Conc.,STATE,Madhya Pradesh,Bhopal,23.394807,77.399706
540510,ChouraKheri Toll Plaza,Conc.,STATE,Madhya Pradesh,Guna,24.049466,77.649413
540511,Selwa Toll plaza,Conc.,STATE,Madhya Pradesh,Seoni,22.075667,79.617528
540512,Lawada Toll Plaza,Conc.,STATE,Madhya Pradesh,Balaghat,21.859778,80.106833
540513,Dangdiya Toll plaza,Conc.,STATE,Madhya Pradesh,Bhopal,22.424746,75.072311
540514,Ringod Toll plaza,Conc.,STATE,Madhya Pradesh,Bhopal,22.601715,74.928755
545004,Fanda toll plaza,Conc.,STATE,Madhya Pradesh,Bhopal,23.2245025,77.1907789
545005,Amlaha toll plaza,Conc.,STATE,Madhya Pradesh,Sehore,23.1021426,76.875811
545006,Bhourasa Toll Plaza,Conc.,STATE,Madhya Pradesh,Dewas,22.9751708,76.2184202
545007,Kherkheda Toll Plaza,Conc.,STATE,Madhya Pradesh,Ujjain,24.01664,75.393569
545008,Bilantri TOLL PLAZA,Conc.,STATE,Madhya Pradesh,Ujjain,24.020435,75.290547
545009,Sardarpur Toll Plaza,Conc.,STATE,Madhya Pradesh,Dhar,22.742188,74.986108
545010,Sanawad TOLL PLAZA,Conc.,STATE,Madhya Pradesh,Indore,22.166554,76.113996
545011,Hatta TOLL PLAZA,Conc.,STATE,Madhya Pradesh,Sagar,24.123109,79.55156
545012,Devkhedi TOLL PLAZA,Conc.,STATE,Madhya Pradesh,Gwalior,24.516005,77.769897
545013,Singhpur Toll Plaza,Conc.,STATE,Madhya Pradesh,Rewa,24.712917,80.585349
545014,Silwani Toll Plaza,Conc.,STATE,Madhya Pradesh,Sagar,23.309393,78.45677
545015,Talchiri Toll Plaza,Conc.,STATE,Madhya Pradesh,Sagar,23.751029,78.756334
545016,Tikitoria Toll Plaza,Conc.,STATE,Madhya Pradesh,Sagar,23.613398,79.087741
545017,Gadaghat Toll Plaza,Conc.,STATE,Madhya Pradesh,Sagar,23.301857,79.673409
545018,Ghoradongri TOLL PLAZA,Conc.,STATE,Madhya Pradesh,Narmadapuram,22.125288,78.025027
545019,Eklehra Toll Plaza,Conc,STATE,Madhya Pradesh,Narmadapuram,22.192429,78.689015
545020,Bela Toll Plaza,Conc.,STATE,Madhya Pradesh,Sagar,25.076435,79.327525
545021,Mawai Toll Plaza,Conc.,STATE,Madhya Pradesh,Sagar,24.791454,78.924038
545022,MHOW TOLL PLAZA,BOT,STATE,Madhya Pradesh,Mhow,22.607405,75.794223
545023,Manankheda Toll Plaza,Conc.,STATE,Madhya Pradesh,Manankhe,23.79626925,75.10225026
545024,Piplyamandi Toll Plaza,Conc.,STATE,Madhya Pradesh,Piplyaman,24.168848,75.013273
545025,Nayagaon Toll Plaza,Conc.,STATE,Madhya Pradesh,Nayagaon,24.572623,74.761591
545026,Chokala Toll Plaza,Conc.,STATE,Madhya Pradesh,Dhar,22.931,75.2507
545027,Chikliya Toll Plaza,Conc.,STATE,Madhya Pradesh,Ratlam,23.2305,75.127
545028,Gangiwara Toll Plaza,BOT,STATE,Madhya Pradesh,Chhindwara,22.121749,78.828202
545029,Susari Toll Plaza,BOT,STATE,Madhya Pradesh,Dhar,22.160372,74.774565
545030,Nanpur Toll Plaza,BOT,STATE,Madhya Pradesh,Alirajpur,22.27008,74.51252
545031,Kuabadla Toll Plaza,BOT,STATE,Madhya Pradesh,Chhindwara,22.36342938,78.62131517
545032,Billaua Toll Plaza,BOT,STATE,Madhya Pradesh,Gwalior,26.055268,78.252663
545033,Badgaon Toll Plaza,BOT,STATE,Madhya Pradesh,Khandwa,21.298056,76.321111
545034,Jaswadi Toll Plaza,BOT,STATE,Madhya Pradesh,Khandwa,21.7875,76.444167
545035,Sarlapada Toll Plaza,Conc.,STATE,Madhya Pradesh,Ratlam,23.492569,74.800278
545036,Delanpur Toll Plaza,Conc.,STATE,Madhya Pradesh,Ratlam,23.417531,74.996667
545037,Manawarkukshi Toll Plaza,Conc.,STATE,Madhya Pradesh,Manawar,22.210352,75.025833
545038,Rewa Ring Road Toll Plaza,Conc.,STATE,Madhya Pradesh,Rewa,24.53725,81.3494444
545039,Baroli Toll Plaza,Conc.,STATE,Madhya Pradesh,Indore,22.816212,75.848384
545040,Ninora Toll Plaza,Conc.,STATE,Madhya Pradesh,Ujjain,23.0815536,75.8156813
545041,Dewas Bypass Toll Plaza,Conc.,STATE,Madhya Pradesh,Dewas,22.929,76.0463
545042,Pagara-Guna Cantt Toll Plaza,Conc.,STATE,Madhya Pradesh,Guna,24.650828,77.422362
545043,Futera Toll Plaza,Conc.,STATE,Madhya Pradesh,Ashok Nagar,24.669794,77.748436
545044,Malyakhedi Toll Plaza,DBFOT,STATE,Madhya Pradesh,Mandsaur,24.047369,75.035803
545045,Pandola Toll Plaza,DBFOT,STATE,Madhya Pradesh,Sheopur,25.56625,76.6529
545046,Khiriya Naka Toll Plaza,DBFOT,STATE,Madhya Pradesh,Tikamgarh,24.642486,78.764694
545047,Taloon Toll Plaza,DBFOT,STATE,Madhya Pradesh,Barwani,22.032864,74.962111
545048,Julwaniya Toll Plaza,DBFOT,STATE,Madhya Pradesh,Julwaniya,21.856536,75.221664
545049,Bijanhai Toll Plaza,DBFOT,STATE,Madhya Pradesh,Silwani,23.131733,78.506008
545050,Boras Toll Plaza,DBFOT,STATE,Madhya Pradesh,Gardarwa,23.03015,78.514381
545051,Chakrawda Toll Plaza,BOT,STATE,Madhya Pradesh,Ujjain,23.2547289,75.7179749
545052,Bhuteda Toll Plaza,BOT,STATE,Madhya Pradesh,Jaora,23.5968864,75.1640542
545054,Rangaon Toll Plaza,Conc.,STATE,Madhya Pradesh,Manawar,22.18080556,75.1875
545055,Kanad Toll Plaza,Conc.,STATE,Madhya Pradesh,Agar,23.67727778,76.13361111
545068,MBL NEWARGAON TOLL PLAZA,Conc.,STATE,Madhya Pradesh,Balaghat,21.826114,80.041645
545069,Ichoul Toll Plaza,Conc.,STATE,Madhya Pradesh,Unchehra,24.349306,80.778889
545070,Ubra Toll Plaza,Conc.,STATE,Madhya Pradesh,Maihar,23.94133333,80.81305556
545076,Gadariya TOLL PLAZA,PF,STATE,Madhya Pradesh,Singrauli,24.146502,82.491474
545077,Palsud  Toll Plaza,Conc.,STATE,Madhya Pradesh,Palsud,21.813416,74.974632
545078,Ujjain Sihasth Bypass Toll Plaza,Conc.,STATE,Madhya Pradesh,Ujjain,23.173326,75.734782
545079,Datia-Bhander Toll Plaza,Conc.,STATE,Madhya Pradesh,Bhander,25.716217,78.701949
545080,TCIL LAKHNADON TOLL PLAZA,Conc.,STATE,Madhya Pradesh,Village chh,22.65033,79.93069
545081,TCIL BINA TOLL Road LTD.,PF,STATE,Madhya Pradesh,Village Iko,24.154869,78.065187
545084,Bhimpura Toll Plaza,Conc.,STATE,Madhya Pradesh,Bhind,26.657489,78.869295
545085,GVR BEHARI Toll Plaza,Conc,STATE,Madhya Pradesh,Rewa,24.742577,82.109536
545086,Panna Amanganj Toll Plaza,Conc.,STATE,Madhya Pradesh,Panna,24.65939,80.15294
545090,Madhav Sihora Silodi Corridor,PF,STATE,Madhya Pradesh,Sihora,23.44825,80.143389
545095,Mubarakpur Toll Plaza,Conc.,STATE,Madhya Pradesh,Bhopal,23.310689,77.319815
545096,11 miles Toll Plaza,Conc.,STATE,Madhya Pradesh,Bhopal,23.141503,77.485499
545097,Bagwada Fee Plaza,PF,NATIONAL,Madhya Pradesh,Sehore,22.781523,77.733774
545098,Harduwani (Damoh) Toll Plaza,Conc.,STATE,Madhya Pradesh,Damoh,23.849222,79.60967
545099,Majhagawan (Katni) Toll Plaza,Conc.,STATE,Madhya Pradesh,Katni,23.884352,80.338989
545100,Bajrangarh Toll Plaza,Conc,STATE,Madhya Pradesh,Guna,24.575655,77.286901
545101,Kalyanpura Toll Plaza,Conc,STATE,Madhya Pradesh,Sironj,24.127005,77.650435
545102,Durjanpura Toll Plaza,PF,STATE,Madhya Pradesh,Durjanpur,22.475387,75.571802
545103,Mandleswar Toll plaza,Conc.,STATE,Madhya Pradesh,Indore,22.280472,75.695583
546000,Neemthur Toll Plaza,PF,NATIONAL,Madhya Pradesh,Neemthur,24.52109562,75.81037561
546001,Garoth Toll Plaza,PF,NATIONAL,Madhya Pradesh,Garoth,24.303325,75.651305
546002,Dalavada Toll Plaza,PF,NATIONAL,Madhya Pradesh,Dalavada,23.97131509,75.408085
546003,DVE Bhuteda  Toll Plaza,PF,NATIONAL,Madhya Pradesh,Bhuteda,23.60847026,75.15080498
546004,Nayapura Toll Plaza,PF,NATIONAL,Madhya Pradesh,Nayapura,23.51194711,75.07147537
546005,Dhamnod Toll Plaza,PF,NATIONAL,Madhya Pradesh,Dhamnod,23.422924,74.977782
546006,Timarwani Toll Plaza,PF,NATIONAL,Madhya Pradesh,Timarwani,23.069638,74.546258
546023,Ratirampura Toll Plaza,PF,NATIONAL,Madhya Pradesh,Morena,26.630845,78.143699
546027,Kaytha Toll Plaza,PF,STATE,Madhya Pradesh,Ujjain,23.229287,76.040933
546029,Chachakhedi Toll Plaza,PF,STATE,Madhya Pradesh,Agar,23.58209,76.189842
546030,Sanjaynagar Toll Plaza,PF,STATE,Madhya Pradesh,Chhatarpur,25.095935,79.942031
546039,Palkhanda Toll Plaza,PF,NATIONAL,Madhya Pradesh,Ujjain,23.028861,75.964689
546040,Timri Toll Plaza,PF,STATE,Madhya Pradesh,Jabalpur,23.2216027,79.8354176
2002,Charoti Toll Plaza,PF,NATIONAL,Maharashtra,Palghar,19.890544,72.942644
23001,Nandgaon Toll Plaza,Conc.,NATIONAL,Maharashtra,Amravati,20.95108,77.788377
24001,MANSAR TOLL PLAZA,Conc.,NATIONAL,Maharashtra,Nagpur,21.382312,79.25332
24002,KAMPTEE KANHAN BYPASS  TOLL PLAZA,Conc.,NATIONAL,Maharashtra,Nagpur,21.244457,79.2490091
24003,NAGPUR BYPASS CHECK TOLL PLAZA,Conc.,NATIONAL,Maharashtra,Nagpur,20.2299353,79.0131934
24004,BORKHEDI TOLL PLAZA,Conc.,NATIONAL,Maharashtra,Wardha,20.85612,78.963632
25001,Karanja Toll Plaza,Conc.,NATIONAL,Maharashtra,Wardha,21.157585,78.388033
40001,Khaniwade Toll Plaza,PF,NATIONAL,Maharashtra,Palghar,19.519667,72.916898
44001,TASAWADE TOLL PLAZA,Conc.,NATIONAL,Maharashtra,Satara,17.365756,74.122928
44002,Kini Toll Plaza,Conc.,NATIONAL,Maharashtra,Kolhapur,16.8767054,74.2983001
51001,Sawaleshwar Toll Plaza,Conc.,NATIONAL,Maharashtra,Solapur,17.7643864,75.7558759
51002,Varwade Toll Plaza,Conc.,NATIONAL,Maharashtra,Solapur,17.957556,75.330977
53001,Gondkhairi Toll Plaza,Conc.,NATIONAL,Maharashtra,Nagpur,21.137001,78.89666
54001,Patas  Toll Plaza,Conc.,NATIONAL,Maharashtra,Pune,18.424491,74.466193
54002,Sardewadi  Toll Plaza,Conc.,NATIONAL,Maharashtra,Raigad,18.096508,75.0661222
61001,Anewadi Toll Plaza,Conc.,NATIONAL,Maharashtra,Satara,17.810312,73.971381
61002,Khed-Shivapur Toll Plaza,Conc.,NATIONAL,Maharashtra,Pune,18.3313849,73.8525197
137001,Mathni Toll Plaza,Conc.,NATIONAL,Maharashtra,Nagpur,21.139545,79.365105
138001,Sendurwafa toll plaza,Conc.,NATIONAL,Maharashtra,Bhandara,21.088244,80.034186
139001,Shirpur Toll Plaza,Conc.,NATIONAL,Maharashtra,Dhule,21.319733,74.889272
139002,Songir Toll Plaza,Conc.,NATIONAL,Maharashtra,Dhule,21.050768,74.784939
140001,Chandwad toll plaza,Conc.,NATIONAL,Maharashtra,Nashik,20.325219,74.210736
140002,Laling toll plaza,Conc.,NATIONAL,Maharashtra,Dhule,20.833039,74.754271
142001,Ghoti toll plaza,Conc.,NATIONAL,Maharashtra,Nashik,19.708905,73.614819
142002,Arjunalli toll plaza,Conc.,NATIONAL,Maharashtra,Thane,19.361481,73.165874
340001,Nashik Sinner Tollways Limited,BOT,NATIONAL,Maharashtra,Nashik,19.9119216,73.9006299
340002,Tamalwadi Toll Plaza,Conc.,NATIONAL,Maharashtra,Sholapur,17.8519632,75.9653571
340003,Yedashi Toll Plaza,Conc.,NATIONAL,Maharashtra,Osmanabad,18.3074605,75.9890916
340004,Pargaon  Toll Plaza,Conc.,NATIONAL,Maharashtra,Aurangabad,18.6284625,75.6978936
340005,Padalshingi  Toll Plaza,Conc.,NATIONAL,Maharashtra,Aurangabad,19.1388116,75.7488874
340006,Maliwadi  Toll Plaza,Conc.,NATIONAL,Maharashtra,Aurangabad,19.600875,75.614882
340009,Phulwadi Toll Plaza,Conc.,NATIONAL,Maharashtra,Naldurg,17.7991202,76.1933353
340010,Talmod Toll Plaza,Conc.,NATIONAL,Maharashtra,Omerga,17.8261927,76.7398762
340019,Baswant Toll Plaza,PF,NATIONAL,Maharashtra,Nashik,20.141754,73.9764485
340020,Daroada Toll Plaza,PF,NATIONAL,Maharashtra,Wardha,20.450625,78.755243
340021,Bhagemari Fee Plaza,PF,NATIONAL,Maharashtra,Nagpur,21.343756,79.009054
340023,Kelapur Toll Plaza,PF,NATIONAL,Maharashtra,Yavatmal,20.019318,78.540218
340024,Bhamb Raja Toll Plaza,PF,NATIONAL,Maharashtra,Yavatmal,20.234893,78.017434
340025,Kelwad Toll Plaza,PF,NATIONAL,Maharashtra,Nagpur,21.47162,78.872554
340026,Dhoki TOLL PLAZA,PF,NATIONAL,Maharashtra,Ahmednagar,19.1559589,74.4111722
340027,Dumbarwadi TOLL PLAZA,PF,NATIONAL,Maharashtra,Ahmednagar,19.244419,74.013193
340028,Badewadi TOLL PLAZA,PF,NATIONAL,Maharashtra,Ahmednagar,19.172077,75.346182
340029,Husnapur Toll Plaza,PF,NATIONAL,Maharashtra,Deoli,20.5512,78.301089
340030,Ashiv TOLL PLAZA,PF,NATIONAL,Maharashtra,Ausa,18.1278333,76.3583021
340031,Haladgao TOLL PLAZA,PF,NATIONAL,Maharashtra,Wardha,20.852147,78.873033
340032,Selu Amba Toll Plaza,PF,NATIONAL,Maharashtra,Beed,18.676103,76.391998
340034,Kharbi Toll Plaza,PF,NATIONAL,Maharashtra,Brahmapur,20.606111,79.823611
340035,Hatnoor Toll Plaza,PF,NATIONAL,Maharashtra,Hatnoor,20.193149,75.132863
340036,Valsang Toll Plaza,PF,NATIONAL,Maharashtra,Valsang,17.588648,76.076227
340037,Nashirabad Toll Plaza,PF,NATIONAL,Maharashtra,Nashirabad,21.016609,75.684364
340038,Selu Toll Plaza,PF.,NATIONAL,Maharashtra,Kalmeshw,21.193194,78.896639
340039,Karodi Toll Plaza,PF.,NATIONAL,Maharashtra,Aurangabad,19.8902365,75.1981289
340040,Undri Toll Plaza,PF,NATIONAL,Maharashtra,Undri,20.439943,76.459241
340041,Osargaon Toll Plaza,PF,NATIONAL,Maharashtra,Sindhudur,16.174444,73.6925
340042,Hativale Fee Plaza,PF,NATIONAL,Maharashtra,Hativale,16.611829,73.545512
340043,Champa Toll Plaza,PF,NATIONAL,Maharashtra,Nagpur,20.96707,79.204168
340044,Chachadgaon Toll Plaza,PF,NATIONAL,Maharashtra,Nashik,20.223616,73.664849
340045,Dhumka Tondgaon Toll Plaza,PF,NATIONAL,Maharashtra,Washim,20.01351,77.13994
340046,Ankadhal Toll Plaza,PF,NATIONAL,Maharashtra,Solapur,17.35945,75.079423
340047,Ichgaon Toll Plaza,PF,NATIONAL,Maharashtra,Ichgaon,17.592193,75.591492
340048,Borgaon Toll Plaza,PF,NATIONAL,Maharashtra,Miraj,17.000291,74.783872
340049,Vaidyakinhi Toll Plaza,PF,NATIONAL,Maharashtra,Beed,18.789594,75.578082
340050,Pimparwadi Toll Plaza,PF,NATIONAL,Maharashtra,Nashik,19.810393,74.276137
340051,Salava Jharoda Toll Plaza,Conc.,NATIONAL,Maharashtra,Hingoli,19.59912,77.392335
340052,Taroda-Kasba Toll Plaza,PF,NATIONAL,Maharashtra,Amravati,20.665869,76.719947
340053,Shembal Toll Plaza,PF,NATIONAL,Maharashtra,Chandrapur,20.173582,79.007495
340054,Umred Toll Plaza,PF,NATIONAL,Maharashtra,Kalamb,20.293963,78.6838
340055,Wadgaon Toll Plaza,PF,NATIONAL,Maharashtra,Kalamb,20.449118,78.370512
340060,Penur Toll Plaza,PF,NATIONAL,Maharashtra,MOHOL,17.779097,75.524512
341101,Chalakwadi toll plaza,Conc.,NATIONAL,Maharashtra,Pune,19.1700886,74.0751759
341401,Hiwargaon pavasa toll plaza,Conc.,NATIONAL,Maharashtra,Ahmadnagar,19.514777,74.2013655
536048,Dasarkhed Toll Plaza,PF,NATIONAL,Maharashtra,Malkapur,20.972921,76.179151
536067,Sub Gavhan Kh. Toll Plaza,PF,NATIONAL,Maharashtra,Jalgaon,20.862,74.971
536070,Dongrale Toll Plaza,PF,NATIONAL,Maharashtra,Nashik,20.766214,74.574654
536073,Kurankhed Toll Plaza,PF,NATIONAL,Maharashtra,Akola,20.695688,77.263261
536079,Hirapur Toll Plaza,PF,NATIONAL,Maharashtra,Hirapur,20.104946,79.830014
536085,Tuptakli Toll Plaza,PF,NATIONAL,Maharashtra,Digras,20.079417,77.762278
536088,Ashta Toll Plaza,PF,NATIONAL,Maharashtra,Ashta,18.470159,76.751146
536090,Pimparkhed User Fee Plaza,PF,NATIONAL,Maharashtra,Pimparkh,20.302933,74.7588787
536100,Undewadi Toll Plaza,PF,NATIONAL,Maharashtra,Pune,18.271041,74.525696
536101,Malegaon Toll Plaza,PF,NATIONAL,Maharashtra,Malegaon,18.830215,77.014024
536106,Medshi Sawarkheda Toll Plaza,Public Fun,NATIONAL,Maharashtra,Sawarkhed,20.36348,76.932464
536138,Pardi Makta  Toll Plaza,PF,NATIONAL,Maharashtra,Ardhapur,19.33527778,77.38777778
536140,Achhad Border Checkpost Toll Plaza,Bot,STATE,Maharashtra,Palghar,20.07538,72.913338
536141,Hadakhed Border Checkpost Toll Plaza,Bot,STATE,Maharashtra,Dhule,21.2538,74.5846
536142,Navapur Border Checkpost Toll Plaza,Bot,STATE,Maharashtra,Nandurbar,21.16132,73.741458
536143,Kagal Check Post Toll Plaza,BOT,STATE,Maharashtra,Kolhapur,16.334688,74.19526
536144,Deori Border Checkpost Toll Plaza,Bot,STATE,Maharashtra,Gondia,21.43425,80.263055
536145,Omerga Border Checkpost Toll Plaza,Bot,STATE,Maharashtra,Osmanabad,17.495067,76.462114
536146,Mandrup Border Checkpost Toll Plaza,Bot,STATE,Maharashtra,Solapur,17.265351,75.51263
536147,Pimpalkutti Border Checkpost Toll Plaza,Bot,STATE,Maharashtra,Yavatmal,19.50453,78.34233
536148,Ramtek Border Checkpost Toll Plaza,Bot,STATE,Maharashtra,Nagpur,21.255385,79.171631
536150,Marawade Check Post Toll Plaza,BOT,STATE,Maharashtra,Solapur,17.24133,75.342526
536151,Saoner Check Post Toll Plaza,Bot,STATE,Maharashtra,Nagpur,21.29053,78.4611
536152,Purnad Check Post Toll Plaza,BOT,STATE,Maharashtra,Jalgaon,21.63665,76.52762
536153,Borgaon Check Post Toll Plaza,BOT,STATE,Maharashtra,Nashik,20.272237,73.45132
536154,Rajura Check Post Toll Plaza,BOT,STATE,Maharashtra,Chandrapur,19.36553,79.195747
536155,Biloli Check Post Toll Plaza,BOT,STATE,Maharashtra,Nanded,18.434802,77.454546
536156,Kharpi Check Post Toll Plaza,BOT,STATE,Maharashtra,Amravati,21.37415,77.63121
536157,Akkalkuva Check Post Toll Plaza,Bot,STATE,Maharashtra,Nandurbar,21.32525,73.535235
536158,Shinoli Check Post Toll Plaza,Bot,STATE,Maharashtra,Kolhapur,15.524991,74.21141
536159,Warud Check Post Toll Plaza,Bot,STATE,Maharashtra,Amravati,21.3256,78.1628
536160,Kelwad Check Post Toll Plaza,Bot,STATE,Maharashtra,Nagpur,21.2817,78.5221
536161,Chorwad Check Post Toll Plaza,BOT,STATE,Maharashtra,Jalgaon,21.1621,76.624
536162,Degloor Check Post Toll Plaza,Bot,STATE,Maharashtra,Nanded,18.3222,77.3523
536202,Khadaka Toll Plaza,PF,NATIONAL,Maharashtra,Nagpur,21.038525,78.979667
536332,Banpimpri Toll Plaza,PF,NATIONAL,Maharashtra,Banpimpri,18.824582,74.886207
536373,Ahmednagar Bypass Toll Plaza,PF,NATIONAL,Maharashtra,Ahmednagar,19.08709,74.69759
536386,Nimgaon Khalu Toll Plaza,PF,NATIONAL,Maharashtra,Ahmednagar,18.499556,74.576111
536398,Borvihir Toll Plaza,Conc,NATIONAL,Maharashtra,Dhule,20.776778,74.832167
536432,Nimbhi Toll Plaza,PF,NATIONAL,Maharashtra,Morshi,21.25597,77.967044
536469,Bijora Toll plaza,PF,NATIONAL,Maharashtra,Bijora,19.7111984,77.729199
536488,Pandane Toll Plaza,PF,NATIONAL,Maharashtra,Nashik,20.37239,73.846437
536489,Pawangaon Fee Plaza,PF,NATIONAL,Maharashtra,Nagpur,21.181778,79.181005
536490,Bawada Toll Plaza,PF,NATIONAL,Maharashtra,Bawada,17.940278,75.005833
536494,Karanji Toll Plaza,BOT,STATE,Maharashtra,Pandharka,20.133349,78.634696
536495,Wani Toll Plaza,BOT,STATE,Maharashtra,Wani,20.063559,78.966929
536496,Dhanora Toll Plaza,BOT,STATE,Maharashtra,Chandrapur,19.940731,79.127567
536501,Sawangi Toll plaza,BOT,STATE,Maharashtra,Aurangabad,19.956877,75.364597
536502,Lasur Toll Plaza,BOT,STATE,Maharashtra,Aurangabad,19.929766,74.98727
536503,Nakshtrawadi Toll Plaza,BOT,STATE,Maharashtra,Aurangabad,19.768388,75.2905
536504,Barshi Toll Plaza,BOT,STATE,Maharashtra,solapur,17.720952,75.882562
536505,Hotagi Toll Plaza,BOT,STATE,Maharashtra,solapur,17.615154,75.940464
536506,Akkalkot Toll plaza,BOT,STATE,Maharashtra,Solapur,17.652713,75.98333
536507,Degaon  Toll Plaza,BOT,STATE,Maharashtra,Solapur,17.669528,75.851661
536508,Katol ToII Plaza,Concessio,STATE,Maharashtra,Katol,21.256411,78.610317
536509,Warora ToII Plaza,Concessio,STATE,Maharashtra,Warora,20.230333,79.013028
536537,Nayagaon Toll Plaza,PF,NATIONAL,Maharashtra,Nayagaon,19.799842,76.394048
536544,Bhavaninagar Toll Plaza,PF,NATIONAL,Maharashtra,Satara,17.94581,74.65281
536548,Loni Toll Plaza,PF,NATIONAL,Maharashtra,Loni,19.3246,76.200001
536559,Ladgaon Toll Plaza,BOT,STATE,Maharashtra,Bhiwandi,19.308935,72.977681
536576,Shilapur Toll Plaza,Conc.,STATE,Maharashtra,Nashik,20.001727,73.8799472
536577,Andarsul Toll Plaza,Conc.,STATE,Maharashtra,Nashik,20.0039795,74.598128
536593,Jalna Watur Toll Plaza,Conc.,STATE,Maharashtra,JALNA,19.745749,76.0857277
536594,KHARABKHAND TOLL PLAZA,CONC.,STATE,Maharashtra,KHARABKH,18.72511,77.406547
536595,HADOLTI TOLL PLAZA,CONC.,STATE,Maharashtra,HADOLTI,18.653829,77.061075
536596,VIJAYNAGAR TOLL PLAZA,CONC,STATE,Maharashtra,BILOLI,18.783785,77.701516
536601,Devghat Toll plaza,Public Fun,NATIONAL,Maharashtra,Devghat,19.746386,79.037236
536629,UMRI TOLL PLAZA,PF,NATIONAL,Maharashtra,Kaij Beed,18.737408,76.004014
536681,Pusla Toll Plaza,PF,NATIONAL,Maharashtra,Pusla,21.4915026,78.3730233
536719,Darwha Toll plaza,PF,NATIONAL,Maharashtra,Darwha,20.351126,77.701343
536720,Yevlewadi Toll Plaza,PF,NATIONAL,Maharashtra,Sangli,17.298286,74.411677
536791,Kingaon Toll Plaza,PF,NATIONAL,Maharashtra,Kingaon,18.722059,76.758575
536795,Sonari Toll Plaza,PF,NATIONAL,Maharashtra,Nanded,19.353279,77.785449
536815,Fulval Toll Plaza,PF,NATIONAL,Maharashtra,Nanded,18.840371,77.211286
536828,Belasar Toll Plaza,PF,NATIONAL,Maharashtra,Jejuri,18.295767,74.111351
536837,Kharpada Toll Plaza,PF,NATIONAL,Maharashtra,Raigarh,18.504182,73.05411
540001,Rajiv Gandhi Sea Link Toll Plaza,Conc.,STATE,Maharashtra,Mumbai,19.0431887,72.8248015
540002,Shedung Toll Plaza,Conc.,STATE,Maharashtra,Shedung,18.947199,73.1786522
540003,Khalapur Toll Plaza,Conc.,STATE,Maharashtra,Khalapur,18.801047,73.285379
540004,Kusgaon Toll Plaza,Conc.,STATE,Maharashtra,Kusgaon,18.760371,73.430045
540005,Talegaon Toll Plaza,Conc.,STATE,Maharashtra,Talegaon,18.713938,73.645848
540006,Shilphata NH48 Toll Plaza,Conc.,NATIONAL,Maharashtra,Kalyan,19.09779,73.071728
540007,Shedung NH48 Toll Plaza,Conc.,NATIONAL,Maharashtra,Panvel,18.947388,73.178849
540008,Kusgaon NH48 Toll Plaza,Conc.,NATIONAL,Maharashtra,Lonavala,18.760253,73.439713
540009,Dehuroad NH48 Toll Plaza,Conc.,NATIONAL,Maharashtra,Pune,18.700286,73.692154
540010,Vashi Toll Plaza,Conc.,STATE,Maharashtra,Mumbai,19.063952,72.980388
540011,Airoli Toll Plaza,Conc.,STATE,Maharashtra,Mumbai,19.153364,72.965778
540012,Mulund(EEH) Toll Plaza,Conc.,STATE,Maharashtra,Mumbai,19.1534,72.9657
540013,Mulund(LBS) Toll Plaza,Conc.,STATE,Maharashtra,Mumbai,19.1855,72.9586
540014,Dahisar Toll Plaza,Conc.,STATE,Maharashtra,Mumbai,19.2587,72.8718
540015,ARAMBHA TOLL PLAZA,Conc.,STATE,Maharashtra,Arambha,20.553225,78.971649
540016,Mhasane Phata Toll Plaza,Conc.,STATE,Maharashtra,Ahmednagar,18.9331389,74.4929167
540017,Katol Road Toll Plaza,Conc.,STATE,Maharashtra,Nagpur,21.1843609,79.0319083
540018,Hingana Road Toll Plaza,Conc.,STATE,Maharashtra,Nagpur,21.092948,78.9764186
540019,Umred Road Toll Plaza,Conc.,STATE,Maharashtra,Nagpur,21.1034495,79.1453082
540020,Ring Road Toll Plaza,Conc.,STATE,Maharashtra,Nagpur,21.1579085,79.0102789
540021,Wadi Road Toll Plaza,Conc.,STATE,Maharashtra,Nagpur,21.1489772,79.0028058
540022,MMKIPL Toll Plaza,Conc.,STATE,Maharashtra,Nashik,19.9798867,74.490845
540023,Nanduri Toll Plaza,Conc,STATE,Maharashtra,Nanduri,20.200237,79.029373
540024,Visapur Toll Plaza,Conc,STATE,Maharashtra,Visapur,19.890278,79.339722
540025,Khadka Toll plaza,Conc.,STATE,Maharashtra,Khadka vill,19.555563,74.982173
540026,Yelgaon Toll Plaza,BOT,STATE,Maharashtra,Yelgaon Vi,20.47821,76.20938
540027,Datala toll plaza,BOT,STATE,Maharashtra,Datala Village,20.82554091,76.2021409
540028,Kopra Kharghar Toll Plaza,Conc.,STATE,Maharashtra,Navi Mumbai,19.037473,73.078256
540030,Ladgaon Toll Plaza,BOT,STATE,Maharashtra,Chhatrapa,19.866755,75.503167
540031,Nagewadi Toll Plaza,BOT,STATE,Maharashtra,Jalna,19.864019,75.837501
540032,Nandani Toll Plaza,BOT.,NATIONAL,Maharashtra,Solapur,17.472901,75.855225
540033,Waifal Toll Plaza,PF,STATE,Maharashtra,Nagpur,20.978788,78.932204
540034,Seldoh Wadgaon Bakshi Toll Plaza,PF,STATE,Maharashtra,Wardha,20.839359,78.859699
540035,Yelkali Toll Plaza,PF,STATE,Maharashtra,Wardha,20.802832,78.597029
540036,Virul Toll Plaza,PF,STATE,Maharashtra,Wardha,20.791275,78.351523
540037,Dhamangaon Toll Plaza,PF,STATE,Maharashtra,Amravati,20.737368,78.140779
540038,Gavner Talegaon Shivni Toll,PF,STATE,Maharashtra,Amravati,20.62176,77.862567
540039,Karanja Lad Toll Plaza,PF,STATE,Maharashtra,Washim,20.51565,77.459831
540040,Shelu Bazar/Wanoza Toll Plaza,PF,STATE,Maharashtra,Washim,20.391363,77.222332
540041,Malegaon Toll Plaza,PF,STATE,Maharashtra,Washim,20.283102,76.972215
540042,Mehkar Toll Plaza,PF,STATE,Maharashtra,Buldhana,20.283102,76.972215
540043,Dusarbid Toll Plaza,PF,STATE,Maharashtra,Buldhana,20.034216,76.31799
540044,Sidkhedraja Toll Plaza,PF,STATE,Maharashtra,Buldhana,19.970446,76.099052
540045,Nidhhona Toll Plaza,PF,STATE,Maharashtra,Jalna,19.884275,75.845577
540046,Shendra MIDC Toll Plaza,PF,STATE,Maharashtra,Aurangabad,19.906443,75.48958
540047,Sawangi Toll Plaza,PF,STATE,Maharashtra,Aurangabad,19.967322,75.378833
540048,Maliwada Toll Plaza,PF,STATE,Maharashtra,Aurangabad,19.940412,75.164195
540049,Hadas Pimpalgaon Toll Plaza,PF,STATE,Maharashtra,Aurangabad,19.931252,74.950029
540050,Ghaigaon Jambargaon Toll Plaza,PF,STATE,Maharashtra,Aurangabad,19.893828,74.784524
540051,Kokmathan Toll Plaza,PF,STATE,Maharashtra,Aurangabad,19.84029,74.473085
540052,Gonde Toll Plaza,PF,STATE,Maharashtra,Ahmednagar,19.790328,74.068809
540053,Bharvir Toll Plaza,PF,STATE,Maharashtra,Nashik,19.752854,73.775314
540054,Pimpri Sadruddin Toll Plaza,PF,STATE,Maharashtra,Nashik,19.676166,73.56628
540055,Khutgar Sapgaon Toll Plaza,PF,STATE,Maharashtra,Nashik,19.432251,73.359175
540056,Nimbvali Toll Plaza,PF,STATE,Maharashtra,Thane,19.2094,73.093948
540057,Bhiwandi Toll Plaza,PF,STATE,Maharashtra,Thane,19.281255,73.048291
540059,Limbe Toll Plaza,Conc.,STATE,Maharashtra,Aurangabad,19.779805,75.194678
546032,Gavhan  Toll Plaza,Conc.,STATE,Maharashtra,Navi Mumbai,18.951875,73.018836
546033,Airport - Sewri Section Toll Plaza,Conc.,STATE,Maharashtra,Navi Mumbai,18.970378,73.008119
556050,KAHALA TOLL PLAZA,CONC,STATE,Maharashtra,KAHALA,18.961836,77.454182
556051,KHANAPUR TOLL PLAZA,CONC,STATE,Maharashtra,VANNALI,18.619915,77.583351
379004,Pasyih Toll Plaza,PF,NATIONAL,Meghalaya,Jowai,25.5,91.33
379005,Lomshinong Toll Plaza,PF,NATIONAL,Meghalaya,Khliehriat,25.169119,92.393079
379006,Pahammawlein Toll Plaza,PF,NATIONAL,Meghalaya,Ri-Bhoi,25.992753,91.860387
379007,Deingpasoh Toll Plaza,PF,NATIONAL,Meghalaya,Ri-Bhoi,25.649086,92.047615
148001,Manguli Toll Plaza,Conc.,NATIONAL,Odisha,Cuttack,20.540387,85.96387
151001,Sambalpur - Baragarh Tollways Toll Plaza,Conc.,NATIONAL,Odisha,Bargarh,21.353192,83.684183
312072,Pudapada - Nildungri Toll Plaza,NHAI,NATIONAL,Odisha,Sambalpur,21.449859,84.115361
355076,Jamudihi Toll Plaza,PF,NATIONAL,Odisha,Sundargarh,21.991807,85.119236
375011,Gurapali Toll Plaza,PF,NATIONAL,Odisha,Ganjam,19.638154,85.140017
375012,SERGARH TOLL PLAZA,PF,NATIONAL,Odisha,Balasore,21.429889,86.836645
375013,Srirampur Toll Plaza,PF,NATIONAL,Odisha,Jajpur,20.678864,86.165581
375015,Pipili Toll Plaza,PF,NATIONAL,Odisha,Pipili,20.1374,85.8392
375016,Gudipada or Gangapada Toll Plaza,PF,NATIONAL,Odisha,Khordha,20.203404,85.668312
375017,Hasanpur Toll Plaza,PF,NATIONAL,Odisha,Jajpur - Keonjhar,21.14661,86.1173884
375018,Kantaghar Toll Plaza,PF,NATIONAL,Odisha,Keonjhar,21.5082779,85.8260561
375019,Banajodi Toll Plaza,PF,NATIONAL,Odisha,Keonjhar,21.7096842,85.5834615
375020,Khamara Toll Plaza,PF,NATIONAL,Odisha,Khamar,21.249964,85.193065
375022,Govindpur Toll Plaza,PF,NATIONAL,Odisha,Brajrajnagar,21.7711235,83.679885
375023,Bolangir Toll Plaza,PF,NATIONAL,Odisha,Bolangir,20.740615,83.630556
375024,Padmanavapur Toll Plaza,PF,NATIONAL,Odisha,Baripada,21.5632851,86.9253147
375025,Sukhuapada Toll Plaza,PF,NATIONAL,Odisha,Baripada,22.0753298,86.6433381
375026,Bideibadkudar Toll Plaza,PF,NATIONAL,Odisha,Deogarh,21.505816,85.058237
375027,Rangamatia Toll Plaza,PF,NATIONAL,Odisha,Daspalla,20.365667,84.793588
375028,Khireitangiri Toll Plaza,PF,NATIONAL,Odisha,Khireitang,21.705647,85.697266
375029,Janasanpur Toll Plaza,PF,NATIONAL,Odisha,Janasanpur,21.448549,85.373375
375030,Kandra Toll Plaza,PF,NATIONAL,Odisha,Kandra,22.052105,85.494152
375031,Jharpokharia Toll Plaza,PF,NATIONAL,Odisha,Jharpokharia,22.180518,86.636253
375032,Bhagada Narayanpur Toll Plaza,PF,NATIONAL,Odisha,Bhadrak,20.944516,86.327633
375033,Darjing Toll Plaza,PF,NATIONAL,Odisha,Darjing,21.931642,84.892881
536083,Nunmath Toll Plaza,PF,NATIONAL,Odisha,Kesingarh,20.2829801,83.2961327
536086,Kadaligarh Toll Plaza,Conc.,NATIONAL,Odisha,Sambalpur,20.958433,84.313559
536403,Khairamunda Toll Plaza,PF,NATIONAL,Odisha,Dhenkanal,20.93738889,85.29427222
536424,Dakuamunda Toll Plaza,PF,NATIONAL,Odisha,Dakuamunda,21.0253499647068,84.4685105780837
536425,Hatibari Toll Plaza,PF,NATIONAL,Odisha,Sambalpur,21.3216941652407,84.0997248781604
536438,Masnikani Toll Plaza,Conc.,STATE,Odisha,Sundargarh,22.0313,84.0351
536439,Laing Toll Plaza,Conc.,STATE,Odisha,Sundargarh,22.2394,84.6334
536440,Nuakhurigoan Toll Plaza,Conc.,STATE,Odisha,Sundargarh,21.5975,84.0373
536602,Itapa Toll Plaza,PF,NATIONAL,Odisha,Dhenkanal,20.820125,85.27559722
536842,Rampei Toll Plaza,PF,NATIONAL,Odisha,Khuntuni,20.55998,85.73604
536708,Seliyamedu Toll Plaza,PF,NATIONAL,Puducherry,Puducherry,11.8248,79.7545
14001,Ambala - Chandigarh Toll Plaza,Conc.,NATIONAL,Punjab,Sahibzada,30.527449,76.813037
30001,LADPALWAN TOLL PLAZA,Conc.,NATIONAL,Punjab,Pathankot,32.197881,75.533697
30002,WARYAM NANGAL TOLL PLAZA,Conc.,NATIONAL,Punjab,Amritsar,31.731947,75.041365
41001,JATL Dhilwan Toll Plaza,Conc.,NATIONAL,Punjab,Kapurthala,31.499318,75.323065
41002,JATL Nijjerpura Toll Plaza,Conc.,NATIONAL,Punjab,Amritsar,31.577704,74.997072
154003,Ladowal Toll Plaza,PF,NATIONAL,Punjab,Ludhiana,30.988606,75.790611
157001,BSC-C&C Kurali Toll Plaza,Conc.,NATIONAL,Punjab,Rupnagar,30.908345,76.545373
158001,Harsa Mansar Toll Plaza,Conc.,NATIONAL,Punjab,Hoshiarpur,32.061586,75.614373
159001,Chollang Toll Plaza,Conc.,NATIONAL,Punjab,Hoshiarpur,31.624658,75.640296
314014,Chak Bamniya Toll Plaza,PF,NATIONAL,Punjab,Jalandhar,31.0241526,75.3044463
314015,Badbar Toll Plaza,PF,NATIONAL,Punjab,Sangrur,30.2476529,75.6396108
314016,Lehra Begga Toll Plaza,PF,NATIONAL,Punjab,Bhatinda,30.2331306,75.1018423
314017,Kalajhar Toll Plaza,PF,NATIONAL,Punjab,Channo,30.2660156,76.1468553
314018,Usma Toll Plaza,PF,NATIONAL,Punjab,Amritsar,31.37004,74.9525751
314019,Zidda Toll Plaza,PF,NATIONAL,Punjab,Bhatinda,30.3848746,74.9829043
314020,Dhareri Jattan Toll Plaza,PF,NATIONAL,Punjab,Zirakpur,30.3912006,76.4995253
314021,Dharer Azizpur Toll Plaza,PF,NATIONAL,Punjab,Patiala,30.5938815,76.7600168
314022,Kot Karora Kalan  Toll Plaza,PF,NATIONAL,Punjab,Talwandi,30.8263476,74.9165723
314023,Paind Toll Plaza,PF,NATIONAL,Punjab,Partran,29.8880996,76.1014463
314024,Chiddan Toll Plaza,PF,NATIONAL,Punjab,Amritsar,31.617167,74.692378
314025,BHAGOMAJRA TOLL PLAZA,PF,NATIONAL,Punjab,SAS Nagar,30.760763,76.607911
314026,GHULAL Toll Plaza,PF,NATIONAL,Punjab,LUDHIANA,30.845116,76.142999
314027,Behram Toll Plaza,PF,NATIONAL,Punjab,Behram,31.204433,75.876799
314028,Bachhwan Toll Plaza,PF,NATIONAL,Punjab,Balachaur,31.0114039,76.389817
314029,Chaukiman Toll plaza,Conc.,NATIONAL,Punjab,Ludhiana,30.82474,75.59007
314032,Mallian  Toll Plaza,PF.,NATIONAL,Punjab,Barnala,30.4024658,75.4396511
314033,Chahar Toll Plaza,PF,NATIONAL,Punjab,Ludhiana,30.9887,75.7908
314034,Shekhpura Toll Plaza,PF.,NATIONAL,Punjab,Talwandi S,29.9888,75.1378
314036,Kala Tibba Toll Plaza,PF.,NATIONAL,Punjab,Abohar,30.104916776669,74.2608026345637
314037,Ferozeshah Toll Plaza,PF,NATIONAL,Punjab,Ferozepur,30.8695,74.7731
314038,Balluana TollPlaza,PF,NATIONAL,Punjab,Bhatinda,30.22749,74.763624
314039,Manan Toll Plaza,PF,NATIONAL,Punjab,Amritsar,31.51599,74.80007
314040,Karahewala Toll Plaza,PF,NATIONAL,Punjab,Moga,31.053694,75.049833
314041,Bhagupur Toll Plaza,PF,NATIONAL,Punjab,Jammu,29.9105,76.50713
314042,Darapur Toll Plaza,PF,NATIONAL,Punjab,Moga,30.840344,74.976922
340066,Khuian Sarvar  Toll Plaza,PF,NATIONAL,Punjab,Fazilka,30.089223,74.027322
340067,Moura Fee Plaza,PF,NATIONAL,Punjab,Kiratpur,31.2120516,76.6407424
350045,Abul Khurana Toll Plaza,PF,NATIONAL,Punjab,Malout,30.1396741141397,74.5377001522389
536084,Chottian User fee Plaza,PF,NATIONAL,Punjab,Chottian,29.829579,75.785305
536521,Arifke Fee Plaza,PF,NATIONAL,Punjab,Ferozepur,31.0397,74.7468
536628,Gulzarpura Tharua Toll Plaza,PF,NATIONAL,Punjab,Khanauri,29.846186,76.170343
536702,Jassi Baghwali Toll Plaza,PF,NATIONAL,Punjab,Bathinda,30.032384,74.802167
536703,Gurthari Toll Plaza,PF,NATIONAL,Punjab,Bathinda,30.056611,74.842186
536704,Pathrala Exit Toll Plaza,PF,NATIONAL,Punjab,Bathinda,30.00515,74.770122
536705,Pathrala Entry Toll Plaza,PF,NATIONAL,Punjab,Bathinda,29.994033,74.762308
536717,Jassi Baghwali V Toll Plaza,PF,NATIONAL,Punjab,Bhatinda,30.032897,74.802518
536718,Jodhpur Romana V Toll Plaza,PF,NATIONAL,Punjab,Bhatinda,30.156426,74.916335
536745,Bajheri Toll Plaza,PF,NATIONAL,Punjab,SAS Nagar,30.74543,76.592928
536839,Ghagga Toll Plaza,PF,NATIONAL,Punjab,Patran,29.999698,76.093228
536848,Phaguwala Toll Plaza,PF,NATIONAL,Punjab,Phaguwala,30.237141,75.994957
536849,Ahmdabad Toll Plaza,PF,NATIONAL,Punjab,Ahmdabad,30.505853,75.910792
6001,Gegal Toll Plaza,Conc.,NATIONAL,Rajasthan,Ajmer,26.551347,74.780202
6002,Pipalaz Toll Plaza,Conc.,NATIONAL,Rajasthan,Ajmer,26.158577,74.371572
8001,Thikariya Toll Plaza,PF,NATIONAL,Rajasthan,Jaipur,26.843328,75.615578
8002,Kishangarh Plaza,Conc.,NATIONAL,Rajasthan,Ajmer,26.595329,74.939169
9001,Shahjahanpur Toll Plaza,Conc.,NATIONAL,Rajasthan,Alwar,27.99978,76.430522
9002,Manoharpura Toll plaza,Conc.,NATIONAL,Rajasthan,Jaipur,27.3056399,75.9535128
9003,Daulatpura Toll Plaza,Conc.,NATIONAL,Rajasthan,Jaipur,27.0868994,75.8345568
10002,Jojro Ka Kheda Toll Plaza,Conc.,NATIONAL,Rajasthan,Chittorgarh,25.082922,74.624379
10004,Narayanpura Toll Plaza,Conc.,NATIONAL,Rajasthan,Udaipur,24.613529,74.233079
10006,Khandi Obri Toll Plaza,Conc.,NATIONAL,Rajasthan,Udaipur,23.993636,73.627895
31001,Barkheda Toll Plaza,Conc.,NATIONAL,Rajasthan,Jaipur,26.68816,75.904726
31002,Sonwa Toll Plaza,Conc.,NATIONAL,Rajasthan,Tonk,26.1098541,75.7435763
47001,Tatiawas Toll Plaza,Conc.,NATIONAL,Rajasthan,Jaipur,27.089775,75.7415
163001,Ludhwai Toll Plaza,Conc.,NATIONAL,Rajasthan,Bharatpur,27.178509,77.416845
163002,Amoli Toll Plaza,Conc.,NATIONAL,Rajasthan,Bharatpur,27.101301,77.090874
164001,Sikandra Toll Plaza,Conc.,NATIONAL,Rajasthan,Dausa,26.944488,76.557567
164002,Rajadhok Toll Plaza,Conc.,NATIONAL,Rajasthan,Jaipur,26.859184,76.105596
220001,Raipur Toll Plaza,Conc.,NATIONAL,Rajasthan,Pali,26.063612,74.059477
220002,Indranagar Toll Plaza,Conc.,NATIONAL,Rajasthan,Pali,25.829753,73.459836
220003,BIRAMI TOLL PLAZA,Conc.,NATIONAL,Rajasthan,Pali,25.371114,73.201486
220004,UTHMAN TOLL PLAZA,Conc.,NATIONAL,Rajasthan,Sirohi,25.033571,72.94353
235001,Mandawara Toll Plaza,Conc.,NATIONAL,Rajasthan,Rajsamand,25.20385,73.814701
235002,Negadiya Toll Plaza,Conc.,NATIONAL,Rajasthan,Rajsamand,24.7998229,73.7603221
243000,Rupakheda Toll Plaza,Conc.,NATIONAL,Rajasthan,Chittorgarh,25.1100285,73.9887022
330002,Lasedi Toll Plaza,Conc.,NATIONAL,Rajasthan,Churu,28.7015412,75.4758781
330003,Dhadhar Toll Plaza,Conc.,NATIONAL,Rajasthan,Churu,28.3458569,75.0682504
330004,Sobhasar Toll Plaza,Conc.,NATIONAL,Rajasthan,Churu,27.785854,74.747014
330007,Lambiya Kalan Toll Plaza,Conc.,NATIONAL,Rajasthan,Jaipur,25.5871683,74.593839
330008,Khedi Toll Plaza,Conc.,NATIONAL,Rajasthan,Gulabpura,26.1029659,74.6849376
330016,Khara Toll Plaza,BOT,NATIONAL,Rajasthan,Bikaner,28.2330309,73.3902644
330017,Bhadera Toll Plaza,BOT,NATIONAL,Rajasthan,Bikaner,28.594353,73.810058
330018,Hindore Toll Plaza,BOT,NATIONAL,Rajasthan,Bikaner,29.101064,73.85389
330019,Salasar Toll Plaza,Conc.,NATIONAL,Rajasthan,Bikaner,28.003871,73.11499
330020,Nokhra Toll Plaza,Conc.,NATIONAL,Rajasthan,Bikaner,27.668079,72.674974
330021,Kheerwa Toll Plaza,Conc.,NATIONAL,Rajasthan,Bikaner,27.283378,72.323165
330025,Rajora Khurd Toll Plaza,PF,NATIONAL,Rajasthan,Bharatpur,26.8539706,77.7228186
330030,Kadisahena Toll Plaza,PF,NATIONAL,Rajasthan,Gulabpura,25.634583,75.002951
330031,Lal ka Khera Toll Plaza,PF,NATIONAL,Rajasthan,Jahazpur,25.482404,75.31341
330032,Pallai Toll Plaza,PF,NATIONAL,Rajasthan,Uniara,25.884209,75.958515
330053,Nimbali Toll Plaza,Conc.,NATIONAL,Rajasthan,Nimbali,26.018464,73.088679
330054,Gajangarh Toll Plaza,Conc.,NATIONAL,Rajasthan,Gajangarh,25.824112,73.233418
330055,Ochadi Toll Plaza,BOT,NATIONAL,Rajasthan,Chittorgarh,24.8248863,74.6282613
330056,Nimbaheda Toll Plaza,BOT,NATIONAL,Rajasthan,Chittorgarh,24.6104397,74.6484461
330057,Narsingharh Toll Plaza,BOT,NATIONAL,Rajasthan,Chittorgarh,24.5521458,74.6665621
330058,Sidhpura Toll Plaza,BOT,NATIONAL,Rajasthan,Pratapgarh,24.0937133,74.7523369
330059,Rashidpura Toll Plaza,Conc.,NATIONAL,Rajasthan,Sikar,27.726086,75.075979
330060,Tidiayasar Toll Plaza,Conc.,NATIONAL,Rajasthan,Churu,28.057867,74.747246
330061,Lakhasar Toll Plaza,Conc.,NATIONAL,Rajasthan,Bikaner,28.093586,73.876543
330062,Udairamsar Toll Plaza,Conc.,NATIONAL,Rajasthan,Bikaner,28.023441,73.413482
330069,Banthri Toll Plaza,PF,NATIONAL,Rajasthan,Ajmer,27.271443,74.345791
330070,Tamdoli Toll Plaza,PF,NATIONAL,Rajasthan,Ajmer,26.8700372,74.2927598
330071,Kondar Toll Plaza,PF,NATIONAL,Rajasthan,Karauli,26.5372312,77.086002
330072,Chilla Chond Toll Plaza,PF,NATIONAL,Rajasthan,Badi,26.6132644,77.5154327
330073,Kota Bypass Toll Plaza,PF,NATIONAL,Rajasthan,Kota,25.132814,75.796857
330074,Nimbasar Toll Plaza,PF,NATIONAL,Rajasthan,Barmer,26.1512284,71.2802787
330075,Nimbi Jodha Toll Plaza,PF,NATIONAL,Rajasthan,Ladnun,27.5147239,74.3207931
330076,Harimma Toll Plaza,PF,NATIONAL,Rajasthan,Nagaur,27.2553568,73.8398793
330077,UNDVARIYA TOLL PLAZA,PF,NATIONAL,Rajasthan,Sirohi,24.633564,72.907054
330078,Doli Toll Plaza,PF,NATIONAL,Rajasthan,Jodhpur,26.0626359,72.6730444
330079,Similiya Toll Plaza,PF,NATIONAL,Rajasthan,Kota,25.170089,76.130552
330080,Fatehpur Toll Plaza,PF,NATIONAL,Rajasthan,Baran,25.1214357,76.5731007
330081,Nekawala Toll Plaza,PF,NATIONAL,Rajasthan,Jaipur,27.242389,76.0639
330082,Limdi Toll Plaza,PF,NATIONAL,Rajasthan,Dahod,23.034411,74.15265
330084,Nimbayani Toll Plaza,PF,NATIONAL,Rajasthan,Barmer,25.865575,71.6305593
330085,Hathitala Toll Plaza,PF,NATIONAL,Rajasthan,Barmer,25.5646786,71.4078461
330086,Bor Charnan Toll Plaza,PF,NATIONAL,Rajasthan,Barmer,25.1018238,71.5596583
330087,Kair Fakir Ki Dhani toll plaza,PF,NATIONAL,Rajasthan,Jaisalmer,26.6307103,71.2056009
330088,Jasnathnagar Toll Plaza,PF,NATIONAL,Rajasthan,Jodhpur,26.6175741,72.9777825
330089,Khanori Toll Plaza,PF,NATIONAL,Rajasthan,Jodhpur,26.578813,72.326372
330090,Leelamba Toll Plaza,PF,NATIONAL,Rajasthan,Lilamba,26.070653,74.010311
330091,Para Toll Plaza,PF,NATIONAL,Rajasthan,Para,25.798882,74.351686
330092,Gumanpura Toll Plaza,PF,NATIONAL,Rajasthan,Tonk,25.99277,75.93845
330093,Khachrol Toll Plaza,PF,NATIONAL,Rajasthan,Bhilwara,25.22635,75.0488993
330094,Morani Toll Plaza,PF,NATIONAL,Rajasthan,Jodhpur,26.891524,71.952354
330095,Bassi Toll Plaza,PF,NATIONAL,Rajasthan,Chittorgarh,25.033192,74.816392
330096,Aroli Toll Plaza,PF,NATIONAL,Rajasthan,Bhilwara,25.091152,75.198814
330097,Dhaneshwar Toll Plaza,PF,NATIONAL,Rajasthan,Bundi,25.07255,75.598475
330098,Lathi Toll Plaza,PF,NATIONAL,Rajasthan,Jaisalmer,27.0298232,71.4462213
330099,Ramdevara Toll Plaza,PF,NATIONAL,Rajasthan,Jaisalmer,27.025063,71.946276
330100,Akhepura Toll Plaza,PF,NATIONAL,Rajasthan,Sikar,27.508121,75.344381
330101,Mundiyar Toll Plaza,PF,NATIONAL,Rajasthan,Baran,25.208633,77.136056
330102,Malera Toll Plaza,PF,NATIONAL,Rajasthan,Sirohi,24.712368,73.093755
330103,Gogunda Toll Plaza,PF,NATIONAL,Rajasthan,Udaipur,24.766166,73.523999
330104,Kishorepura Toll Plaza,PF,NATIONAL,Rajasthan,Kota,25.135915,75.7966206
330105,Titoli Toll Plaza,PF,NATIONAL,Rajasthan,Dausa,26.7704556,76.3391978
330106,Rabawata Toll Plaza,PF,NATIONAL,Rajasthan,Dausa,26.5004499,75.9983801
330107,Methoon Toll Plaza,PF,NATIONAL,Rajasthan,Jhalawar,24.420109,76.503892
330108,Hingonia Toll Plaza,PF,NATIONAL,Rajasthan,Jaipur,26.8509,75.9247
330109,Sitarampura Toll Plaza,PF,NATIONAL,Rajasthan,Jaipur,26.7473,75.7686
330110,Mandana Toll Plaza,PF,NATIONAL,Rajasthan,Mandana,24.9657418,75.9352303
330111,Netra Toll Plaza,PF,NATIONAL,Rajasthan,Jodhpur,26.578709,73.155029
330112,Tankala Toll Plaza,PF,NATIONAL,Rajasthan,Nagaur,27.0133229,73.5005487
330113,6 ML Toll Plaza,PF,NATIONAL,Rajasthan,Hanumangarh,29.5198926,74.3359579
330114,Badi Ghati Toll Plaza,Conc.,NATIONAL,Rajasthan,Pushkar,26.5475364,74.5069619
330115,Kuchera Toll Plaza,Conc.,NATIONAL,Rajasthan,Ajmer,26.9802573,73.9570513
330116,Bagaliya Toll Plaza,BOT,NATIONAL,Rajasthan,Beawar,25.8843501,74.1608431
330117,Baggar Toll Plaza,BOT,NATIONAL,Rajasthan,Gomti,25.5903343,73.9028527
330118,Raisinghnagar Toll plaza,PF,NATIONAL,Rajasthan,Ganganagar,29.486832,73.391
330119,Patroda Toll Plaza,PF,NATIONAL,Rajasthan,Ganganagar,29.058447,73.095777
330120,Narsana Toll Plaza,PF,NATIONAL,Rajasthan,Jalore,25.485729,72.569789
330121,Balana Toll Plaza,PF,NATIONAL,Rajasthan,Pali,25.293327,73.085753
330122,THIRPALI BADI Toll Plaza,PF.,NATIONAL,Rajasthan,Thirpali Badi,29.9105,76.50713
330123,Kathuwas Toll Plaza,PF.,NATIONAL,Rajasthan,Alwar (Behror),28.141642,76.360442
330124,Gangajali Toll Plaza,PF,NATIONAL,Rajasthan,Poogal,28.475248,72.61884
330125,Seora Toll Plaza,PF,NATIONAL,Rajasthan,Bap,27.51125,72.279986
330126,Barsalpur Toll Plaza,PF,NATIONAL,Rajasthan,Goru,28.047877,72.349573
330127,Chhoti Villor Fee Plaza,PF,NATIONAL,Rajasthan,Sanchore,24.674,71.8271
330128,Beer Mandi Toll Plaza,PF,NATIONAL,Rajasthan,Suket,24.642639,76.027472
330129,Biratiya Toll Plaza,PF,NATIONAL,Rajasthan,Jaitaran,26.121857,74.062484
330130,Binaswas Toll Plaza,PF,NATIONAL,Rajasthan,Bilara,26.121857,74.062484
536058,Bonli Toll Plaza,PF,NATIONAL,Rajasthan,Sawai Madhopur,26.3332621721072,76.2452915196628
536059,Kusthala Toll Plaza,PF,NATIONAL,Rajasthan,Sawai Madhopur,25.9684649806345,76.2531357233473
536075,Dakan Kotra Toll Plaza,PF,NATIONAL,Rajasthan,Udaipur,24.500543,73.720874
536119,Dhulepura Toll Plaza,PF,NATIONAL,Rajasthan,Mandal,25.5324,74.5197
536120,Jaswantpura Toll Plaza,PF,NATIONAL,Rajasthan,Jaswantpura,25.9565,74.3033
536123,Sangariya Toll Plaza,PF,NATIONAL,Rajasthan,Sirsa,29.682994,74.433618
536124,Chohilanwali Toll Plaza,PF,NATIONAL,Rajasthan,Bikaner,29.394491,74.255444
536129,Kaladera Toll Plaza,Conc.,STATE,Rajasthan,Chomu,27.2365835632646,76.0071368453407
536130,Dholiya Toll Plaza,Conc.,STATE,Rajasthan,Rajgard,28.6678449165909,75.2082642671087
536168,Palli Toll Plaza,PF,STATE,Rajasthan,Jodhpur,26.930613,72.670506
536169,Rampura Toll plaza,PF,STATE,Rajasthan,Suratgarh,29.349492,73.92191
536170,Dabli Toll Plaza,PF,STATE,Rajasthan,Hanumangarh,29.82251,73.875166
536175,Dehra Shahpur Toll Plaza,Conc.,STATE,Rajasthan,Alwar,27.6695,76.5847
536176,Nainasar Toll Plaza,Conc.,STATE,Rajasthan,Sardarsha,28.4747,74.6391
536177,Jakhrana Toll Plaza,Conc.,STATE,Rajasthan,Alwar,27.973,76.2011
536178,Aadsar Toll Plaza,Conc.,STATE,Rajasthan,Bikaner,28.2464,74.177
536185,Lordiya (Phalodi) Toll Plaza,PF,STATE,Rajasthan,Jodhpur,27.058341,72.414254
536186,Kiramsariya (Osian) Toll Plaza,PF,STATE,Rajasthan,Jodhpur,27.0583,72.4145
536187,Dabok Toll Plaza,PF,STATE,Rajasthan,Udaipur,24.64961,73.871801
536188,Rampura (Jodhpur ) Toll Plaza,PF,STATE,Rajasthan,Jodhpur,26.4731,73.014
536189,Singhpura Toll Plaza,PF,STATE,Rajasthan,Chittorgarh,24.923471,74.435884
536190,Gopalpura Toll Plaza,PF,STATE,Rajasthan,Bhilwada,25.2738,75.0933
536191,Kuradiya Toll Plaza,PF,STATE,Rajasthan,Bhilwada,25.694816,75.336228
536195,Kaladera Toll Plaza,PF,STATE,Rajasthan,Chomu,27.2365835632646,76.0071368453407
536201,Badkapara Split Plaza,PF,NATIONAL,Rajasthan,Dausa,26.524959,76.251544
536205,Zalimpura Toll Plaza,PF,NATIONAL,Rajasthan,Kota,25.27742,76.151398
536206,Karadiya Toll Plaza,PF,NATIONAL,Rajasthan,Kota,25.165776,76.086508
536207,Gopalpura Toll Plaza,PF,NATIONAL,Rajasthan,Kota,24.906725,75.960856
536208,Balapura Toll Plaza,PF,NATIONAL,Rajasthan,Kota,25.061419,76.03817
536209,Triveni Toll Plaza,PF,STATE,Rajasthan,Jaipur,27.403075,75.876376
536210,Dhawali Toll Plaza,PF,STATE,Rajasthan,Jaipur,27.221361,75.829917
536211,Mangalbad (Morwan) toll plaza,PF,STATE,Rajasthan,Chittorgarh,24.605834,74.343513
536212,Nimbahrda (Dhinwa) toll plaza,PF,STATE,Rajasthan,Chittorgarh,24.610614,74.647937
536214,Salumba (Isarwas) Toll Plaza,PF,STATE,Rajasthan,Chittorgarh,24.17204,74.047535
536215,Kir ki Choki (Bargaon) Toll Plaza,PF,STATE,Rajasthan,Udaipur,24.57995,74.197945
536218,Pipliy Toll Plaza,PF,STATE,Rajasthan,Anwali Kalan,24.43518,75.904012
536219,Bhawanimandi  Toll Plaza,PF,STATE,Rajasthan,Bhawani Mandi,24.3267550656663,75.8328686399787
536220,Dug  Toll Plaza,PF,STATE,Rajasthan,dug,23.9577777777305,75.8602984871817
536221,Suket  Toll Plaza,PF,STATE,Rajasthan,Julmi,24.570243,75.9917
536222,Kawai Toll Plaza,PF,STATE,Rajasthan,Kawai,24.766053137573,76.674377458267
536223,Sangod (Borada) Toll Plaza,PF,STATE,Rajasthan,Sangod,24.922047,76.341751
536224,Galana Toll Plaza,PF,STATE,Rajasthan,kethun,25.079677,76.018948
536225,EKWASA Toll Plaza,PF,STATE,Rajasthan,Akwasa,24.4832210495845,76.2502771522439
536226,Bakani Toll Plaza,PF,STATE,Rajasthan,Bakani,24.244104,76.251484
536227,Dakan kotra Toll Plaza,PF,STATE,Rajasthan,kotra,24.4889050873922,73.7439820313946
536228,Khairad toll plaza,PF,STATE,Rajasthan,kerad,24.1980538060963,73.9929915915061
536229,Debari (sakroda) Toll Plaza,PF,STATE,Rajasthan,sakroda,24.5642051343461,73.8671240990724
536230,Bambora (Gudli) Toll Plaza,PF,STATE,Rajasthan,Gudli,24.4024310116785,74.0110588376948
536232,Samdolar Toll Plaza,Conc.,STATE,Rajasthan,Naguar,26.499775807955,74.0757078987391
536233,Gulganv Toll Plaza,Conc.,STATE,Rajasthan,Kekri,25.8187868827201,75.1977714857821
536234,Sarwar Toll Plaza,Conc.,STATE,Rajasthan,Sarwar,26.0923492601771,74.9910355921749
536235,Amarpura RSRDC Toll Plaza,Conc.,STATE,Rajasthan,Naguar,26.3449758813227,74.1267472007905
536239,Rojhana Toll Plaza,PF,STATE,Rajasthan,Dug,23.951962648311,75.6882712708171
536240,Chechat (Gumanpura) Toll Plaza,PF,STATE,Rajasthan,Kota,24.7413007616142,75.9375827255419
536241,Undwa Toll Plaza,PF,STATE,Rajasthan,Kota,24.616053,75.909212
536247,Barrod Toll Plaza,Conc.,STATE,Rajasthan,Alwar,27.8926,76.3446
536248,Jadankhalsa toll Plaza,PF,STATE,Rajasthan,PALI,25.854958,73.479906
536249,Khejrali Toll Plaza,PF,STATE,Rajasthan,Jodhpur,26.158353,731669180
536250,Auwa Toll Plaza,PF,STATE,Rajasthan,Marvar Ju,25.614401,73.628414
536251,Kudi Toll Plaza,PF,STATE,Rajasthan,Bhopalgarh,26.573902,73.452095
536252,Gwaloo Toll Plaza,PF,STATE,Rajasthan,Kuchera,26.902365,73.768778
536253,Jajiwal Gehlota Toll Plaza,PF,STATE,Rajasthan,Jodhpur,26.400036,73.166072
536254,Indrapura Toll Plaza,PF,STATE,Rajasthan,Borawad,27.1069780153166,74.3920493899728
536255,Kalawa Toll Plaza,PF,STATE,Rajasthan,Borawad,27.0401958696561,74.6306745651287
536256,Fatehnagar (Sunwar) Toll Plaza,PF,STATE,Rajasthan,Fatehnagar,24.8481818817161,74.0855067397752
536257,Dariba (Rajpura) Toll Plaza,PF,STATE,Rajasthan,Fatehnagar,24.9716664892895,74.113490735487
536258,Varaval Toll Plaza,PF,STATE,Rajasthan,Pundwara,25.0142395251466,73.1569230235081
536259,Amli Toll Plaza,PF,STATE,Rajasthan,Bali,24.8421563719263,73.1259691959843
536260,Jhirana Toll Plaza,PF,STATE,Rajasthan,Diggi,26.2893731325414,75.6307285352811
536261,Sohela Toll plaza,PF,STATE,Rajasthan,Tonk,26.2446567660083,75.805087705671
536262,Meoda kalan Toll Plaza,PF,STATE,Rajasthan,Tonk,25.9964685978724,75.2062387850051
536263,Daulat pura Toll Plaza,PF,STATE,Rajasthan,Bundi,25.402898,75.56853
536264,Ganesh pura Toll Plaza,PF,STATE,Rajasthan,Bundi,25.4685386811116,75.7436728693182
536265,Bassi Naaga Toll Plaza,PF,STATE,Rajasthan,Jobner,26.9836173633809,75.506058253812
536266,Govindi Nagur Toll Plaza,PF,STATE,Rajasthan,jaipur,27.0365384089397,75.120395305842
536267,Budsu Nagur Toll Plaza,PF,STATE,Rajasthan,Kuchaman,27.130504558694,74.6953022261094
536268,Unchaira Nagaur Toll Plaza,PF,STATE,Rajasthan,Kuchaman,27.1385887415637,74.2049390110104
536269,Mator Toll Plaza,PF,STATE,Rajasthan,jaipur,27.7757411429035,76.6059924478674
536270,Sonai Manji Toll Plaza,PF,STATE,Rajasthan,Pali,25.6825570719215,73.3642282275064
536271,Jhilwara Toll Plaza,PF,STATE,Rajasthan,Pali,25.2328989254823,73.6689127313804
536272,Desuri Toll Plaza,PF,STATE,Rajasthan,Pali,25.2929559466188,73.561852895332
536273,Gazipur mod Toll Plaza,PF,STATE,Rajasthan,Dausa,26.9826704746936,76.9430997001515
536274,Danpur Toll Plaza,PF,STATE,Rajasthan,Banswara,23.5130937028163,74.6919068628707
536275,Kundela Toll Plaza,PF,STATE,Rajasthan,Banswara,23.5404357287446,74.5012979939851
536276,Mor Toll Plaza,PF,STATE,Rajasthan,Malpura,26.157714573429,75.4170824958668
536277,Sewa (Khareda) Toll Plaza,PF,STATE,Rajasthan,Chhan,26.5329611376816,76.8480431368119
536278,Chhan (Massi River) Toll Plaza,PF,STATE,Rajasthan,Dudu,26.5636382582963,75.2973741222691
536281,Udaliyawas Toll Plaza,PF,STATE,Rajasthan,Jodhpur,26.2493507816273,73.774220546961
536282,Mandala sojat Toll Plaza,PF,STATE,Rajasthan,Pali,25.9843558589284,73.7294298571319
536283,Khejarla Toll Plaza,PF,STATE,Rajasthan,Jodhpur,26.444059605856,73.7915911281881
536284,Joshiraram Toll Plaza,PF,STATE,Rajasthan,Jodhpur,26.4439908258604,73.791607742365
536285,Mata magri Toll Plaza,PF,STATE,Rajasthan,Pali,26.511361,73.804889
536286,Ram nagar Toll Plaza,PF,STATE,Rajasthan,Pali,26.59825,73.76475
536287,Beerampura Toll Plaza,PF,STATE,Rajasthan,Bharatpur,27.0346068102072,77.3467310496679
536288,Suroth(Failika pura) Toll Plaza,PF,STATE,Rajasthan,Bharatpur,26.795194,77.127111
536289,Sewa Toll Plaza,PF,STATE,Rajasthan,Bharatpur,26.5329611376816,76.8480431368119
536290,Girdharpura Toll Plaza,PF,STATE,Rajasthan,Bharatpur,27.253055,77.456291
536291,Panhori Toll Plaza,PF,STATE,Rajasthan,Bharatpur,27.4434473935127,77.2296174997004
536292,Moraka Toll Plaza,PF,STATE,Rajasthan,Alwer,27.4313875436799,77.0212634232549
536293,Randua Pooth Toll Plaza,PF,STATE,Rajasthan,Alwer,27.4985433168597,76.7962639440087
536294,Dujod Toll Plaza,PF,STATE,Rajasthan,Kotputli,27.5471291301352,75.1308637208021
536295,Nagal Toll Plaza,PF,STATE,Rajasthan,Kotputli,27.6633588693132,75.6674522950146
536296,Chala Toll Plaza,PF,STATE,Rajasthan,Sikar,27.720024,75.441108
536297,Saroond Toll Plaza,PF,STATE,Rajasthan,Sikar,27.7215883959045,76.1214632893544
536298,Jiliya Toll Plaza,PF,STATE,Rajasthan,Sikar,27.2549263301391,74.8546314100311
536299,Booteri Toll Plaza,PF,STATE,Rajasthan,Jaipur,27.8054142382134,76.6654889742515
536300,Phailipura Toll Plaza,PF,STATE,Rajasthan,Karauli,26.6542167290807,77.0007545668033
536301,Avleshwar Toll Plaza,PF,STATE,Rajasthan,Pratapgarh,24.0285821382956,74.8414481854216
536302,Punjabipura Toll Plaza,PF,STATE,Rajasthan,Dholpur,26.6782201351705,77.5833791157083
536303,Brahmbad TOll Plaza,PF,STATE,Rajasthan,Dholpur,26.9166028339238,77.315772403267
536304,Bhonda Gaon Toll Plaza,PF,STATE,Rajasthan,Dholpur,27.0232437215233,77.1523443365538
536305,Aetrampura Toll Plaza,PF,STATE,Rajasthan,Karauli,27.086250945773,77.0659590132268
536306,Alipur Mod Toll Plaza,PF,STATE,Rajasthan,Karauli,27.1678942611347,77.038309874043
536307,Chechat Toll Plaza,PF,NATIONAL,Rajasthan,Chechat,24.7594444,75.90869444
536318,Devnagar Toll Plaza,PF,STATE,Rajasthan,Hanumangarh,29.4355766964034,74.1590418611192
536319,Devrathi Toll Plaza,PF,STATE,Rajasthan,Nagaur,27.476363678256,74.6282616187114
536320,Dhani Govindpura Toll Plaza,PF,STATE,Rajasthan,Jaipur,27.7930490316843,74.7129080052895
536321,Mamana Toll Plaza,PF,STATE,Rajasthan,Ajmer,26.8038080985363,75.068777240969
536322,Mandoli Toll Plaza,PF,STATE,Rajasthan,Jaipur,27.4863036731279,74.8171882926407
536323,Sirana Toll Plaza,PF,STATE,Rajasthan,Sayala Jalo,25.4246742098217,72.0484299090771
536324,Tarnau Toll Plaza,PF,STATE,Rajasthan,Nagaur,27.1296545403115,74.132191684577
536325,Manaklaw TP-02,PF,NATIONAL,Rajasthan,Jodhpur,26.428188,72.983382
536326,Deora Toll Plaza,PF,STATE,Rajasthan,Siwana,25.734042,72.53122
536327,Nagana Toll Plaza,PF,STATE,Rajasthan,Jodhpur,26.145763,72.523969
536328,Dangiyawas Toll Plaza,PF,NATIONAL,Rajasthan,Jodhpur,26.266826,73.231858
536330,Jalore Toll Plaza,Concessio,STATE,Rajasthan,Jalore,25.27474,72.61397
536331,Jaswantpura Toll Plaza,Concessio,STATE,Rajasthan,Jaswantpura,24.82435,72.4591
536334,Miyasani Toll Plaza,PF,STATE,Rajasthan,Jodhpur,26.191558,73.228051
536335,Roopwas Lundawas Toll Plaza,PF,STATE,Rajasthan,Sojat,25.971994,73.614344
536338,Kushalpura Toll Plaza,Conc,STATE,Rajasthan,Chomu,27.15406,75.82069
536339,ROll Toll Plaza,PF,STATE,Rajasthan,ROL,27.171099,73.90608
536340,Khathoti Toll Plaza,PF,STATE,Rajasthan,NAGAUR,27.263643,74.315108
536341,Bhuma Toll Plaza,PF,STATE,Rajasthan,BHUMA,27.794735,74.920694
536342,Somalsar Toll Plaza,PF,STATE,Rajasthan,Jhunjhunu,27.605443,73.559615
536347,Somasi Toll Plaza,PF,STATE,Rajasthan,Somasi,28.4064326187881,74.8902656861006
536348,Budhani Toll Plaza,PF,STATE,Rajasthan,Budhani,28.440056,73.810847
536349,Rajasar Toll Plaza,PF,STATE,Rajasthan,Rajasar,28.409706,74.284539
536356,Boya Toll Plaza,PF,STATE,Rajasthan,Boya,25.1501754570024,73.2761143306872
536357,Mandola Toll Plaza,PF,STATE,Rajasthan,Mandola,25.1903833047184,75.3749085747358
536358,Kanwas Toll Plaza,PF,STATE,Rajasthan,Bachhihera,24.8541,76.13733
536359,Garh Taknet Toll Plaza,PF,STATE,Rajasthan,Kanwarpur,27.460365,75.793327
536360,Aawan Toll Plaza,PF,STATE,Rajasthan,Awan,24.94761,76.09814
536361,Bislai Toll Plaza,PF,STATE,Rajasthan,Bislai,24.59076,76.45089
536362,Balaran Toll Plaza,PF,STATE,Rajasthan,Mukandga,27.911179,75.147256
536363,Arruwa Toll Plaza,PF,STATE,Rajasthan,Arroowa,27.280136,77.05917
536364,Punay kamilpurpatti Toll Plaza,PF,STATE,Rajasthan,Sikari,27.570033,77.08037
536371,Kajla Toll Plaza,PF,STATE,Rajasthan,Noohaniya,28.300605,75.939351
536375,Sewad Bari Toll Plaza,PF,STATE,Rajasthan,Sikar,27.610019777901,74.9324877427099
536376,Tanwara Toll Plaza,PF,STATE,Rajasthan,Sikar,27.6657915019651,74.5986585774003
536390,Kharondi Toll Plaza,PF,STATE,Rajasthan,Khood,27.316343,75.110536
536391,Asada Ki Beri Toll Plaza,PF,NATIONAL,Rajasthan,Barmer,25.778374,71.217013
536402,3M Toll Plaza,PF,NATIONAL,Rajasthan,Sri Ganganagar,29.900305,73.675668
536416,Taliyana Toll Plaza,PF,STATE,Rajasthan,Taliayana,25.350736,72.159383
536417,Laban Toll Plaza,PF,NATIONAL,Rajasthan,Bundi,25.5793,76.22
536418,Mandawara Toll Plaza,PF,NATIONAL,Rajasthan,Kota,25.382,76.1985
536420,Vateru Toll Plaza,PF,STATE,Rajasthan,Baatera,25.22216,71.899543
536421,Chorau Toll Plaza,PF,STATE,Rajasthan,Sayla,25.3011098573499,72.3013626229659
536423,Pipalwas Plaza,PF,NATIONAL,Rajasthan,Udaipur,24.46764,73.593834
536428,Sanderao Toll Plaza,PF,STATE,Rajasthan,Sanderao,25.280848,73.198619
536429,Mandwala Toll Plaza,PF,STATE,Rajasthan,mandawal,25.431909,72.504769
536430,Padla Hadliya Plaza,PF,NATIONAL,Rajasthan,Dungarpur,23.691416,73.941127
536433,Kusalpura Toll Plaza,PF,STATE,Rajasthan,Bhinmal,25.06725,72.280853
536442,Khara toll plaza,PF,STATE,Rajasthan,Jaisalmer,28.139799,73.372548
536443,Kawani toll plaza,PF,STATE,Rajasthan,Bikaner,28.08927,73.186215
536444,Kanasar toll plaza,PF,STATE,Rajasthan,Jaisalmer,28.119245,73.273177
536445,Naal toll plaza,PF,STATE,Rajasthan,Jaisalmer,28.048095,73.159223
536446,Ghanmagara Toll Plaza,PF,STATE,Rajasthan,BHAWI,26.255426,73.609569
536447,Nadatora Toll Plaza,PF,STATE,Rajasthan,BHOPALGARGH,26.602062,73.531693
536448,Mangeria Toll Plaza,PF,STATE,Rajasthan,KHIVSAR,26.855579,73.43332
536449,Sinhaniya Toll Plaza,PF,NATIONAL,Rajasthan,Barmer,24.952075,71.151257
536452,Talawali toll plaza,PF,STATE,Rajasthan,Gangadha,23.8946482413308,75.5988017677188
536453,Sarnau toll plaza,PF,STATE,Rajasthan,Barmer,25.653467,71.811131
536456,Tehendesar toll plaza,PF,STATE,Rajasthan,Bikaner,27.709744,73.992147
536458,Balani  Toll Plaza,PF,NATIONAL,Rajasthan,Devgarh,21.587534,84.992512
536486,TP23 Mokhupura Toll Plaza,PF,NATIONAL,Rajasthan,Sanchore,24.71359,71.768836
536487,Jajoosan Toll Plaza,PF,NATIONAL,Rajasthan,Sanchore,24.76309,71.802486
536510,SUNDAR PURA TOLL PLAZA,PF,NATIONAL,Rajasthan,JAIPUR,26.9647267515485,76.15593942
536511,GELLA KI NANGAL TOLL PLAZA,PF,NATIONAL,Rajasthan,JAIPUR,26.9067753210916,75.96444889
536512,Shyamsinghpura Virtual(Entry/Exit) Toll Plaza,PF,NATIONAL,Rajasthan,DAUSA,26.980819207958,76.5331662945027
536513,BEDOLI TOLL PLAZA,PF,NATIONAL,Rajasthan,DAUSA,26.9947240231649,76.4183597755617
536514,KURI KHURD TOLL PLAZA,PF,NATIONAL,Rajasthan,DAUSA,26.9644210802992,76.2903134748956
536515,BAGRANA TOLL PLAZA,PF,NATIONAL,Rajasthan,DAUSA,26.8782675417888,75.9272631380792
536533,Hingonia NH-148C  Toll Plaza,PF,NATIONAL,Rajasthan,Jaipur,26.8509,75.9247
536534,Chalkoi Toll plaza,PF,STATE,Rajasthan,Churu,28.540144,74.97547
536535,Bhanin toll plaza,PF,STATE,Rajasthan,Churu,28.790489,75.030502
536538,Meghana Toll Plaza,PF,STATE,Rajasthan,Nohar,29.015935,74.819824
536543,Chaipura Toll plaza,PF,STATE,Rajasthan,Churu,28.798493,75.333937
536588,Jethana Toll Plaza,Conc.,STATE,Rajasthan,Ajmer,26.298637,74.45369
536589,Saisara Toll Plaza,Conc.,STATE,Rajasthan,Ajmer,26.581137,74.24303
536590,Gegalpura Toll Plaza,Conc.,STATE,Rajasthan,Ajmer,26.2195,74.38237
536591,"Ladpura Toll
Plaza",Conc.,STATE,Rajasthan,Ajmer,26.516906,74.399223
536592,Kheruwala Toll Plaza,Conc.,STATE,Rajasthan,Hanumangarh,29.8454,74.2353
536598,Rodwal Toll plaza,Conc.,STATE,Rajasthan,Rodwal,28.012597,76.336071
536599,Parewar Toll Plaza,PF,NATIONAL,Rajasthan,Jaisalmer,27.304704,70.80313
536600,Ramgarh Toll Plaza,PF,NATIONAL,Rajasthan,Jaisalmer,27.47556111,70.46175
536603,Anjana Toll Plaza,Conc,STATE,Rajasthan,Anjana,23.54387,74.089953
536604,Dheerdhani Toll Plaza,PF,STATE,Rajasthan,Manglana,27.017070933545,74.7842719361802
536605,Kinsariya Toll Plaza,PF,STATE,Rajasthan,Parbatsar,26.9253589240432,74.7113258050736
536606,Upreda Toll Plaza,PF,STATE,Rajasthan,Banera,25.5835412440646,74.7411194037467
536607,Rampura Toll Plaza,PF,STATE,Rajasthan,Hurda,25.848718,74.707296
536609,9Ps Toll Plaza,Conc,STATE,Rajasthan,Bikaner,29.57259,73.51361
536610,Shobhashar Toll Plaza,Conc,STATE,Rajasthan,Sri Gangan,28.140791,73.213731
536616,Mudutara Sili Toll Plaza,Conc,STATE,Rajasthan,Bhinmal,25.019209,72.458536
536617,Kotra Toll Plaza,Conc,STATE,Rajasthan,Raniwara,24.8085412,72.2819354
536621,Gadhwala Toll Plaza,Conc.,STATE,Rajasthan,Village- Ga,27.972445,73.467607
536622,Utmamdesar Toll Plaza,Conc.,STATE,Rajasthan,Village- Ut,27.83005,73.734925
536623,Benan Toll Plaza,Conc,STATE,Rajasthan,Jodhpur,26.322639,73.4255
536624,Bayad Toll Plaza,Conc,STATE,Rajasthan,Nagor,26.5345,73.86564
536625,Lanela  Toll Plaza,PF,NATIONAL,Rajasthan,Jaisalmer,27.064272,70.824783
536633,Dadal Toll Plaza,PF,NATIONAL,Rajasthan,Jalore,25.220295,72.03811
536662,Adoosya Toll Plaza,Conc.,STATE,Rajasthan,Adoosya,26.332506,75.138257
536663,Jogi Nada Toll Plaza,Conc.,STATE,Rajasthan,Jogi Nada,26.53371,74.919344
536676,Shri Rampura Toll Plaza,Conc.,STATE,Rajasthan,Rampura,26.2469056,75.0509555
536694,Gadra Toll Plaza,PF,NATIONAL,Rajasthan,Barmer,25.738216,70.670567
536699,Keetap toll plaza,Conc.,STATE,Rajasthan,Keetap,26.14415,74.775235
536700,Lasadiya toll plaza,Conc.,STATE,Rajasthan,Lasadiya,26.097906,74.369223
536716,Sangariya Toll Plaza,PF,NATIONAL,Rajasthan,Sangariya,29.682994,74.433618
536722,TP21 Deora Toll Plaza,PF,NATIONAL,Rajasthan,Jalore,24.974712,71.90799
536724,Dadal G Toll Plaza,PF,NATIONAL,Rajasthan,Jalore,25.219461,72.037742
536772,14SSW Toll Plaza,PF,NATIONAL,Rajasthan,Hanumangarh,29.531078,74.329264
536773,Dhanuri Toll Plaza,CONC,STATE,Rajasthan,Dhanuri,28.2181861,75.3459277
536774,Lambor Badi Toll Plaza,CONC,STATE,Rajasthan,Lambor Ba,28.5524722,75.36895
536777,Balicha Toll Plaza,PF,NATIONAL,Rajasthan,Khamnor,24.8761813671225,73.6851691243306
536778,Bhagat Talai Toll Plaza,PF,NATIONAL,Rajasthan,Charbhuja,25.142389,73.652806
536793,Bagawas toll plaza,PF,NATIONAL,Rajasthan,Alwar,27.419112,76.035424
536813,Tilwara Toll Plaza,BOT,STATE,Rajasthan,Jabalpur,23.09468,79.854098
546007,Jaitpur Toll Plaza,PF,NATIONAL,Rajasthan,Bikaner,28.884747,74.028325
546008,Malkisar Toll Plaza,PF,NATIONAL,Rajasthan,Bikaner,28.75284167,73.96293833
546009,Uchharangdesar Toll Plaza,PF,NATIONAL,Rajasthan,Bikaner,28.450153,73.798944
546010,Norangdesar Toll Plaza,PF,NATIONAL,Rajasthan,Bikaner,28.073983,73.568025
546011,Deshnok Toll Plaza,PF,NATIONAL,Rajasthan,Bikaner,27.753685,73.360601
546012,Panchu Toll Plaza,PF,NATIONAL,Rajasthan,Jodhpur,27.5541483,73.230405
546013,Bungri Toll Plaza,PF,NATIONAL,Rajasthan,Jodhpur,27.3481934,73.1086112
546014,Lamnannagar Toll Plaza,PF,NATIONAL,Rajasthan,Jodhpur,27.161194,73.008472
546015,Jathon Toll Plaza,PF,NATIONAL,Rajasthan,Jodhpur,26.953637,72.906977
546016,Sirmandi Toll Plaza,PF,NATIONAL,Rajasthan,Jodhpur,26.780375,72.821083
546017,Khudiyala Toll Plaza,PF,NATIONAL,Rajasthan,Jodhpur,26.787956,72.820181
546018,Deogarh Toll Plaza,PF,NATIONAL,Rajasthan,Jodhpur,26.30662,72.5873316
546019,Meghawas Toll Plaza,PF,NATIONAL,Rajasthan,Jodhpur,26.166723,72.481349
546020,Patau Toll Plaza,PF,NATIONAL,Rajasthan,Jodhpur,25.973869,72.411661
546021,Moothli Toll Plaza,PF,NATIONAL,Rajasthan,Jodhpur,25.71773,72.277289
546022,Sangana Toll Plaza,PF,NATIONAL,Rajasthan,Jodhpur,25.23411,72.0651
546024,Gogelao Toll Plaza,PF,NATIONAL,Rajasthan,Nagaur,27.2521763,73.6454253
546025,Parwa Toll Plaza,PF,NATIONAL,Rajasthan,Bikaner,27.6941351,73.375813
570010,Kasari Toll Plaza,Conc.,STATE,Rajasthan,Nagaur,27.916553,74.554469
570011,Chapri Toll Plaza,Conc.,STATE,Rajasthan,Nagaur,28.262625,74.565161
570012,Padiyara Toll Plaza,Conc.,STATE,Rajasthan,Churu,28.951956,74.225031
570013,Malasar Toll Plaza,Conc.,STATE,Rajasthan,Churu,29.519569,74.335958
570014,Pallu Toll Plaza,Conc.,STATE,Rajasthan,Hanumangarh,26.904603,72.312525
570015,Kolha Toll Plaza,Conc.,STATE,Rajasthan,Hanumangarh,26.108914,72.376761
570016,Kolu Toll Plaza,Conc.,STATE,Rajasthan,Jodhpur,25.640861,72.000211
570017,Kelankot Toll Plaza,Conc.,STATE,Rajasthan,Barmer,25.248178,71.733328
570018,Bhooka Toll Plaza,Conc.,STATE,Rajasthan,Barmer,26.43195,76.373506
570019,Naya Nagar Toll Plaza,Conc.,STATE,Rajasthan,Barmer,26.224711,76.370728
570020,Bagdi Km-14 Toll Plaza,Conc.,STATE,Rajasthan,Dausa,25.743931,76.168992
570021,Bhadoti Toll Plaza,Conc.,STATE,Rajasthan,Sawai Madhopur,25.2856,75.897097
570022,Indragarh Toll Plaza,Conc.,STATE,Rajasthan,Bundi,24.657272,76.315022
570023,Patan Gudla Plaza,Conc.,STATE,Rajasthan,Bundi,26.978589,76.573914
570024,Khanpur  Toll Plaza,Conc.,STATE,Rajasthan,Jhalawar,27.457686,76.607661
570025,Sikandra  Toll Plaza,Conc.,STATE,Rajasthan,Dausa,28.886175,74.019717
570026,Mahuwa  Toll Plaza,Conc.,STATE,Rajasthan,Alwar,29.720628,74.438664
570027,Jetpur Toll Plaza,Conc.,STATE,Rajasthan,Bikaner,27.714361,76.742856
570028,Sangaria Toll Plaza,Conc.,STATE,Rajasthan,Bikaner,27.922797,76.838581
570029,Papri  Toll Plaza,Conc.,STATE,Rajasthan,Alwar,28.174303,76.824531
570030,Tijara  Toll Plaza,Conc.,STATE,Rajasthan,Alwar,28.105358,76.70805
570031,Bhiwadi  Toll Plaza,Conc.,STATE,Rajasthan,Alwar,24.562992,76.114578
570032,KK Toll Plaza,Conc.,STATE,Rajasthan,Alwar,23.957803,75.860369
570033,Ralayati Km-09 Toll Plaza,Conc.,STATE,Rajasthan,Jhalawar,24.418694,76.188203
570034,Rajpura Km-24 Toll Plaza,Conc.,STATE,Rajasthan,Jhalawar,29.277272,74.631967
570035,Ujjain-Jhalawar(Binda) Toll Plaza,Conc.,STATE,Rajasthan,Jhalawar,29.134011,75.058531
570036,Toparia Toll Plaza,Conc.,STATE,Rajasthan,Hanumangarh,29.085436,75.320028
570037,Gogamedi Toll Plaza,Conc.,STATE,Rajasthan,Hanumangarh,27.248519,77.469328
570038,Amarpura Toll Plaza,Conc.,STATE,Rajasthan,Hanumangarh,26.378622,76.546867
570039,MB(Gundwa) Toll Plaza,Conc.,STATE,Rajasthan,Bharatpur,27.5273,76.7169
570040,GB(Newadiya) Toll Plaza,Conc.,STATE,Rajasthan,Sawai Madhopur,27.485703,76.844763
570041,Bahala Toll Plaza,PF,NATIONAL,Rajasthan,Alwar,27.253013,76.766463
570042,Sheetal Fee Plaza,PF,NATIONAL,Rajasthan,Alwar,26.91668,76.432023
570043,Pinan Fee Plaza,PF,NATIONAL,Rajasthan,Alwar,26.666348,76.319231
570044,Bhandaraj Fee Plaza,PF,NATIONAL,Rajasthan,Dausa,26.527359,76.250052
570045,Dungarpur Fee Plaza,PF,NATIONAL,Rajasthan,Dausa,24.2128,73.3524
570046,Badkapara Fee Plaza,PF,NATIONAL,Rajasthan,Dausa,28.29256,75.70622
570047,Karel Toll Plaza,PF,NATIONAL,Rajasthan,Udaipur,27.71179,75.21063
570048,Ragunathpura Toll Plaza,PF,STATE,Rajasthan,Sikar,25.59767,74.87327
570049,Dadiya Toll Plaza,PF,STATE,Rajasthan,Sikar,26.30658,75.41294
570050,Shahpura Toll Plaza,PF,STATE,Rajasthan,Jaipur,26.67705,75.66506
570051,Malpura Toll Plaza,PF,STATE,Rajasthan,Jaipur,28.06734,75.34098
570052,Renwal Toll Plaza,PF,STATE,Rajasthan,Jaipur,25.93807,75.14053
570053,Dighal Toll Plaza,PF,STATE,Rajasthan,Sikar,25.883916,76.530155
570054,Kekri Toll Plaza,PF,STATE,Rajasthan,Jaipur,24.580674,72.725067
570055,Daulatpura Fee Plaza,PF,NATIONAL,Rajasthan,Sawaimad,21.303367,72.95418
570056,Mount Abu Green Tax Plaza,Conc.,STATE,Rajasthan,Mount Ab,28.673459,77.010802
18001,Vikkravandi Toll Plaza,Conc.,NATIONAL,Tamil Nadu,Villupuram,12.024441,79.538059
19001,SENGURICHI TOLL PLAZA,Conc.,NATIONAL,Tamil Nadu,Villupuram,11.706434,79.322335
19002,THIRUMAND URAI TOLL PLAZA,Conc.,NATIONAL,Tamil Nadu,Perambalu,11.396808,78.99356
32001,Omalur Toll Plaza,Conc.,NATIONAL,Tamil Nadu,Salem,11.72034,78.07338
36001,Samayapuram Toll Plaza,Conc.,NATIONAL,Tamil Nadu,Tiruchirappalli,10.92937,78.744056
42001,Vijayamangal am Toll Plaza,Conc.,NATIONAL,Tamil Nadu,Erode,11.245714,77.519702
43001,Vaiguntham Toll Plaza,Conc.,NATIONAL,Tamil Nadu,Salem,11.513282,77.923946
55001,Ponnambalapatti Toll Plaza,Conc.,NATIONAL,Tamil Nadu,Tiruchirappalli,10.536356,78.257059
56001,Kozhinjiipatti Toll Plaza,Conc.,NATIONAL,Tamil Nadu,Dindigul,10.194334,77.909215
57001,Rasampalayam  Toll Plaza,Conc.,NATIONAL,Tamil Nadu,Namakkal,11.193895,78.103219
58001,Mettupatti Toll Plaza,Conc.,NATIONAL,Tamil Nadu,Salem,11.661687,78.330731
58002,Nathakkarai Toll Plaza,Conc.,NATIONAL,Tamil Nadu,Salem,11.592809,78.780812
58003,Veeracholapuram  Toll Plaza,Conc.,NATIONAL,Tamil Nadu,Villupuram,11.736464,79.010409
59001,Thiruparaithurai  Toll Plaza,Conc.,NATIONAL,Tamil Nadu,Tiruchirappalli,10.885791,78.557668
59002,Manavasi  Toll Plaza,Conc.,NATIONAL,Tamil Nadu,Karur,10.931722,78.218401
60001,Krishnagiri  Toll Plaza,Conc.,NATIONAL,Tamil Nadu,Krishnagiri,12.544583,78.201132
167001,Vaniyambadi Toll Plaza,Conc.,NATIONAL,Tamil Nadu,Vellore,12.648554,78.5833
167002,Pallikonda Toll Plaza,Conc.,NATIONAL,Tamil Nadu,Vellore,12.905829,78.951686
169001,L&T Krishnagiri Thopur Toll Plaza,Conc.,NATIONAL,Tamil Nadu,Dharmapuri,12.00638,78.08008
170001,Velanchettiyur Toll Plaza,Conc.,NATIONAL,Tamil Nadu,Dindigul,10.6990089,77.93067
176001,Valvanthankottai Toll Plaza,Conc.,NATIONAL,Tamil Nadu,Tiruchirappalli,10.744371,78.834044
176002,Elliyarpathy Toll Plaza,Conc.,NATIONAL,Tamil Nadu,Virudhunagar,9.78299,78.094492
176003,Pudurpandiyapuram Toll Plaza,Conc.,NATIONAL,Tamil Nadu,Thoothukudi,8.862935,78.117106
177001,Pondicherry Tindivanam Toll Plaza,Conc.,NATIONAL,Tamil Nadu,Villupuram,11.983278,79.78836
230001,IVRCL Chengapally Toll Plaza,Conc.,NATIONAL,Tamil Nadu,Tiruppur,11.012852,77.073167
350044,Pudur Toll Plaza,PF,NATIONAL,Tamil Nadu,Madurai,10.11086,78.17934
360028,SURAPATTU TOLL PLAZA,PF,NATIONAL,Tamil Nadu,Tiruvallur,13.136678,80.181624
360029,Pattarai Toll Plaza,PF,NATIONAL,Tamil Nadu,Tiruvallur,13.150829,79.834687
360030,Athur Toll Plaza,PF,NATIONAL,Tamil Nadu,Kanchipuram,12.346862,79.779856
360031,SriPerumbadur Toll Plaza,PF,NATIONAL,Tamil Nadu,Kanchipuram,12.982155,79.968944
360032,Nallur Toll Plaza,PF,NATIONAL,Tamil Nadu,Tiruvallur,13.216958,80.169353
360033,Chennasamaduram Toll Plaza,PF,NATIONAL,Tamil Nadu,Vellore,12.910943,79.40121
360034,Vanagaram Toll Plaza,PF,NATIONAL,Tamil Nadu,Tiruvallur,13.043526,80.149598
360036,VAGAIKULAM Toll Plaza,PF,NATIONAL,Tamil Nadu,Thoothukudi,8.7362399,78.0238105
360037,Kappalur Toll Plaza,PF,NATIONAL,Tamil Nadu,Madurai,9.844294,78.011209
360038,Salaipudur Toll Plaza,PF,NATIONAL,Tamil Nadu,Thoothukudi,8.975702,77.774608
360039,Nanguneri Toll Plaza,PF,NATIONAL,Tamil Nadu,Tirunelveli,8.527035,77.663289
360040,Etturvattam Toll Plaza,PF,NATIONAL,Tamil Nadu,Virudhunagar,9.385445,77.914347
360041,D C Palli Toll Plaza,PF,NATIONAL,Tamil Nadu,Dharmava,14.6853947,79.5155303
360042,Mathur Toll Plaza,PF,STATE,Tamil Nadu,Madharam,13.1762697,80.2447934
360043,Chittampatti Toll Plaza,PF,NATIONAL,Tamil Nadu,Madurai,9.989594,78.244086
360044,Buchireddypa lem Toll Plaza,PF,NATIONAL,Tamil Nadu,Nellore,14.543497,79.862213
360045,Boothakudi Toll Plaza,PF,NATIONAL,Tamil Nadu,Pudukkottai,10.64127,78.581277
360046,Bogalur Toll Plaza,PF,NATIONAL,Tamil Nadu,Ramanathapuram,9.3981517,78.7140107
360047,Tirupachethi Toll Plaza,PF,NATIONAL,Tamil Nadu,Sivagangai,9.780766,78.335269
360048,Palaya Gandharvakottai Toll Plaza,PF,NATIONAL,Tamil Nadu,Palaya Gan,10.6122581,79.0305683
360049,Paranur Toll Plaza,PF,NATIONAL,Tamil Nadu,Kanchipuram,12.723887,79.981917
360050,Lembalakudi Toll Plaza,PF,NATIONAL,Tamil Nadu,Pudukkottai,10.299776,78.770713
360051,Lechchumanapatti Toll Plaza,PF,NATIONAL,Tamil Nadu,Pudukkottai,10.624233,78.747631
360054,Shenbagampettai Toll Plaza,PF,NATIONAL,Tamil Nadu,Shenbaga,10.1588453,78.6509687
360058,Keezhkuppam Toll Plaza,PF.,NATIONAL,Tamil Nadu,Kallakurichi,12.3823,78.8982
360059,Ponnalagaram Toll Plaza,PF.,NATIONAL,Tamil Nadu,Virudhach,9.9297,78.1101
360060,Kodikottai Toll Plaza,PF,NATIONAL,Tamil Nadu,Manjani,9.887952,78.8477
360061,Vennathur Toll Plaza,PF,NATIONAL,Tamil Nadu,Manjani,9.542493,78.863225
360062,Kallakudi Toll plaza,Conc.,NATIONAL,Tamil Nadu,Kallakudi,10.99696,78.96709
360064,Upparpatti Toll Plaza,PF,NATIONAL,Tamil Nadu,Upparpatt,9.942242,77.419467
360065,Vallam Toll Plaza,PF,NATIONAL,Tamil Nadu,Tiruvannamalai,12.744801,79.151431
360066,Enamkariyandal Toll Plaza,PF,NATIONAL,Tamil Nadu,Tiruvannamalai,12.287294,79.06909
360067,Thennamadevi Toll Plaza,PF,NATIONAL,Tamil Nadu,Tiruvannamalai,11.989279,79.475046
360068,Thirupathisaram Toll Plaza,PF,NATIONAL,Tamil Nadu,Nagercoil,8.206201,77.460289
360069,Sevugampatti Toll Plaza,PF,NATIONAL,Tamil Nadu,Sevugamp,10.193994,77.79427
381000,Managethi Toll Plaza,PF,NATIONAL,Tamil Nadu,Ariyalur,11.14185,79.242155
536060,Chatrapatti Toll Plaza,PF,NATIONAL,Tamil Nadu,Dindigul,10.480588,77.637335
536087,Thuvakudi Toll Plaza,PF,NATIONAL,Tamil Nadu,Thuvakudi,10.739075,78.825026
536103,Gangarampalayam Toll Plaza,PF,NATIONAL,Tamil Nadu,Villupuram,11.919673,79.620412
536104,Velampatti fee plaza,PF,NATIONAL,Tamil Nadu,Tiruppur,10.99368,77.41802
536109,Kotthatai Toll Plaza,PF,NATIONAL,Tamil Nadu,Kothattai,11.51602,79.71956
536236,Kurungudi Toll Plaza,PF,NATIONAL,Tamil Nadu,Kattuman,11.2678,79.546
536246,Kariyamanglam Toll Plaza,PF,NATIONAL,Tamil Nadu,Tiruvannamalai,12.2882726,78.8285762
536382,Nagampatti Toll Plaza,PF,NATIONAL,Tamil Nadu,Krishnagiri,12.401124,78.392165
536385,Naglikondan Toll Plaza,PF,NATIONAL,Tamil Nadu,Gingee,12.253642,79.466397
536404,Kadhavani Toll Plaza,PF,NATIONAL,Tamil Nadu,Kannanur,12.375194,78.545639
536413,Kovilvenni Toll Plaza,PF,NATIONAL,Tamil Nadu,Thiruvarur,10.786021,79.353558
536419,Vembukudi Toll Plaza,PF,NATIONAL,Tamil Nadu,Papanasa,10.874965,79.211381
536434,H. Pudhupatti Toll Plaza,PF,NATIONAL,Tamil Nadu,Dharmapuri,11.96754,78.42557
536455,Vellar Toll Plaza,PF,NATIONAL,Tamil Nadu,Vellar,11.912405,78.00445
536467,Karagadahalli Toll Plaza,PF,NATIONAL,Tamil Nadu,DHARMAPURI,12.260636,78.090441
536474,Chinnar 9/6 checkpost Toll Plaza,BOT,STATE,Tamil Nadu,Chinnar,10.44963,77.240929
536500,Madukkarai Toll Plaza,PF,NATIONAL,Tamil Nadu,Coimbator,10.895638,76.945815
536516,Kallar Forest Check post Toll Plaza,Conc.,STATE,Tamil Nadu,Kallar,11.33843,76.87422
536520,Manambadi Toll Plaza,PF,NATIONAL,Tamil Nadu,Cholapura,11.07103,79.42715
536546,Kunjapanai Check post Toll Plaza,Conc.,STATE,Tamil Nadu,Kunjapana,11.361297,76.919266
536553,Mel Gudalur Toll Plaza,Conc.,STATE,Tamil Nadu,nilgiris,11.4715211323,76.4115016833
536554,Masinagudi Toll Plaza,Conc.,STATE,Tamil Nadu,nilgiris,11.569811,76.636037
536674,Pongalur Toll Plaza,PF,NATIONAL,Tamil Nadu,TIRUPUR,10.977841,77.345121
536790,Pilantupattu Toll Plaza,PF,NATIONAL,Tamil Nadu,Veloor,12.958,79.005
536847,Ammapettai Toll Plaza,PF,NATIONAL,Tamil Nadu,Erode,11.610732,77.735753
560001,Perungudi Toll Plaza,PF,STATE,Tamil Nadu,Chennai,12.9564,80.2412
560002,Central Server Toll Plaza,PF,STATE,Tamil Nadu,Chennai,12.9179,80.2118
560003,Thoraipakkam  Toll Plaza,PF,STATE,Tamil Nadu,Chennai,12.9013,80.2183
560004,Medavakkam Toll Plaza,PF,STATE,Tamil Nadu,Chennai,12.8902,80.1983
560005,ECRlink Road Toll Plaza,PF,STATE,Tamil Nadu,Chennai,12.8616039,80.1718917
560006,Egatur Toll Plaza,PF,STATE,Tamil Nadu,Chennai,12.8616039,80.1718917
560007,Uthandi Toll Plaza,PF,STATE,Tamil Nadu,Chennai,12.1239228,79.9107642
560008,Central Server  Toll Plaza,PF,STATE,Tamil Nadu,Chennai,12.6153657,80.0998102
560009,Anumandhai Toll Plaza,PF,STATE,Tamil Nadu,Chennai,9.939015,78.1764076
560010,Mahabalipuram  Toll Plaza,PF,STATE,Tamil Nadu,Chennai,9.8767572,78.1349936
560011,Vandiyur Toll Plaza,Conc.,STATE,Tamil Nadu,Madurai,9.8266107,78.0823004
560012,Chinthamani Toll Plaza,Conc.,STATE,Tamil Nadu,Madurai,13.070524,80.071587
560013,Valayangulam Toll Plaza,Conc.,STATE,Tamil Nadu,Madurai,12.9300926,80.0799475
560014,Kolappancheri Toll Plaza,PF,STATE,Tamil Nadu,Chennai,13.140047,80.0530363
560015,Varadharajapuram Toll plaza,PF,STATE,Tamil Nadu,Chennai,13.253075,80.2387214
560016,Palavedu Toll Plaza,PF,STATE,Tamil Nadu,Chennai,22.563293,88.331751
560017,Chinnamullai voyal Toll Plaza,PF,STATE,Tamil Nadu,Chennai,27.023008,74.811117
15001,Pantangi Toll Plaza,Conc.,NATIONAL,Telangana,Nalgonda,17.232887,78.960464
15002,Koralaphad Toll Plaza,Conc.,NATIONAL,Telangana,Nalgonda,17.159784,79.475426
34001,Raikal Toll Plaza,Conc.,NATIONAL,Telangana,Mahabubnagar,17.005867,78.194493
45001,Guduru Toll Plaza,Conc.,NATIONAL,Telangana,Nalgonda,17.485724,78.8217
78001,Indalwai Toll Plaza,Conc.,NATIONAL,Telangana,Nizamabad,18.538284,78.239718
79001,Sakapur Toll plaza,Conc.,NATIONAL,Telangana,Mahabubnagar,16.5356759,77.9444736
350004,Chinthapally Toll Plaza,PF,NATIONAL,Telangana,Chinthapally,17.471528,79.980556
350005,Kadthal Toll Plaza,PF,NATIONAL,Telangana,Kadthal,16.970404,78.50755
350006,Pullur Toll Plaza,PF,NATIONAL,Telangana,Mahabubnagar,15.887742,78.016978
350007,Rolmamda Toll Plaza,PF,NATIONAL,Telangana,Adilabad,19.28019,78.409222
350008,Gamjal Toll Plaza,PF,NATIONAL,Telangana,Adilabad,19.026592,78.362705
350026,Konetipuram Toll Plaza,PF,NATIONAL,Telangana,Konetipur,16.6120211,78.6758205
350027,Manoharabad Toll Plaza,PF,NATIONAL,Telangana,Medak,17.801103,78.471683
350028,Pippalwada Toll Plaza,PF,NATIONAL,Telangana,Adilabad,19.781093,78.565772
350029,Bhiknoor Toll Plaza,PF,NATIONAL,Telangana,Nizamabad,18.20539,78.398299
350030,Gowraram Toll Plaza,PF,NATIONAL,Telangana,Gowraran,17.268021,80.679776
350031,Komalla Fee Plaza,PF,NATIONAL,Telangana,Komalla,17.77737111,79.28361111
350032,Komatipalli Fee  Plaza,PF,NATIONAL,Telangana,Komatipal,18.02173544,79.5
350033,Muthojipet Toll Plaza,PF,NATIONAL,Telangana,Vijayawada,17.9740755,79.9144659
350034,Dilawarpur fee plaza,PF.,NATIONAL,Telangana,Bodhan,19.0989609,78.2133902
350035,Singarajupally Toll Plaza,PF,NATIONAL,Telangana,Suryapet,17.589631,79.276944
350036,Yerkaram Toll Plaza,PF,NATIONAL,Telangana,Suryapet,17.247402,79.580502
350040,Singarenipalli Toll Plaza,PF,NATIONAL,Telangana,Suryapet,17.192,79.871
350041,Mandamarri Toll Plaza,PF,NATIONAL,Telangana,Mandama,19.011289,79.478191
350042,Taddanpally Toll Plaza,PF,NATIONAL,Telangana,Taddanpal,17.695444,78.095667
350100,Kamkole Toll Plaza,Conc.,NATIONAL,Telangana,Bidar,17.6457252,77.8198176
350101,Munnanur Toll Plaza,PF,NATIONAL,Telangana,Munnanur,16.7455098506418,78.2853169779344
350102,Chitlapalli Toll Plaza,PF.,NATIONAL,Telangana,Chitlapalli,17.0811,77.581
350103,Gummadidala  Toll Plaza,PF,NATIONAL,Telangana,Gummadi,29.9105,76.50713
350104,Dharmaram Toll Plaza,PF.,NATIONAL,Telangana,Pitlam,18.2658,77.7871
352058,Jawahar Nagar Toll Plaza,PF.,NATIONAL,Telangana,Mulugu,18.212011,80.0284
536055,NeoPolis Toll Plaza,BOT,STATE,Telangana,Hyderabad,17.4107638888889,78.3153361111111
536056,Mallampet Toll Plaza,BOT,STATE,Telangana,Hyderabad,17.5609388888889,78.3682
536387,Bettal Thanda Toll Plaza,BOT,STATE,Telangana,Nagarjuna,16.61742,79.29566
536388,Nellikal Toll Plaza,BOT,STATE,Telangana,Nagarjuna,16.67119,79.28775
536389,FDO Complex Toll Plaza,BOT,STATE,Telangana,Nagarjuna,16.6723,79.27726
536392,Painampalli Toll Plaza,PF,NATIONAL,Telangana,Painampal,17.0731,80.0393
536397,Medipally Toll Plaza,PF,NATIONAL,Telangana,Bhupalpally,18.555458,79.923521
536457,Alagapada Toll Plaza,PF,NATIONAL,Telangana,Miryalagu,16.871519,79.639311
536540,Y-Junction Kistempet Toll Plaza,Conc.,STATE,Telangana,Chennur,18.843271,79.725755
536541,Parpalle Chintha Toll Plaza,Conc.,STATE,Telangana,Chennur,18.8432,79.72578
536655,Thapalpur Check post,Conc.,STATE,Telangana,Mancherial,19.077595,79.092687
536656,Indanpally Check post,Conc.,STATE,Telangana,Mancherial,19.151079,78.923345
536657,Pandavapur Check post,Conc.,STATE,Telangana,Nirmal,19.10126,78.80837
536658,Utnoor Check post,Conc.,STATE,Telangana,Adilabad,19.352745,78.789342
536728,Chintagudem Toll Plaza,PF,NATIONAL,Telangana,Khammam,17.14922,80.630348
536746,Yerraboinapalli Toll Plaza,PF,NATIONAL,Telangana,Khammam,17.165816,80.525607
536775,Kachwar Fee Plaza,Conc.,NATIONAL,Telangana,Makthal,16.52567,77.55539
536782,Wyra Toll Plaza,PF,NATIONAL,Telangana,Khammam,17.1747682094,80.3548414668
536783,Vemsoor Toll Plaza,PF,NATIONAL,Telangana,Khammam,17.1379193,80.792311
536784,Ponguturu Toll Plaza,PF,NATIONAL,Telangana,Eluru,17.081097,81.425641
536788,Gurvaigudem Toll Plaza,PF,NATIONAL,Telangana,Eluru,17.077842,81.264766
536824,Kataram Forest Check Post,CONC,STATE,Telangana,Bhupalpally,18.647581,79.954466
546041,Sarandi Toll Plaza,PF,NATIONAL,Telangana,Randi,19.4514954672404,79.3150453932313
550001,Kokapet Toll Plaza,PF,STATE,Telangana,Hyderabad,17.242673,78.194936
550002,Edulanagulapally Toll Plaza,PF,STATE,Telangana,Hyderabad,17.4622136,78.2494394
550003,Patancheru Toll Plaza,PF,STATE,Telangana,Hyderabad,17.321673,78.140518
550004,Sultanpur Toll Plaza,PF,STATE,Telangana,Hyderabad,17.333045,78.184737
550005,Dundigal Toll Plaza,PF,STATE,Telangana,Hyderabad,17.353843,78.242823
550006,Medchal Toll Plaza,PF,STATE,Telangana,Hyderabad,17.355345,78.292706
550007,Shamirpet Toll Plaza,PF,STATE,Telangana,Hyderabad,17.343361,78.341763
550008,Keesara Toll Plaza,PF,STATE,Telangana,Hyderabad,17.310012,78.385202
550009,Ghatkesar Toll Plaza,PF,STATE,Telangana,Hyderabad,17.263039,78.400211
550010,Taramatipet Toll Plaza,PF,STATE,Telangana,Hyderabad,17.222251,78.40529
550011,Pedda Amberpet Toll Plaza,PF,STATE,Telangana,Hyderabad,17.319992,78.655881
550012,Bongulur Toll Plaza,PF,STATE,Telangana,Hyderabad,17.141561,78.350437
550013,Ravi Ryal Toll Plaza,PF,STATE,Telangana,Hyderabad,17.124448,78.313874
550014,Tukkuguda Toll Plaza,PF,STATE,Telangana,Hyderabad,17.121063,78.283524
550015,Peddagolconda Toll Plaza,PF,STATE,Telangana,Hyderabad,17.121417,78.235572
550016,Shamshabad Toll Plaza,PF,STATE,Telangana,Hyderabad,17.151163,78.224438
550017,Rajendra Nagar Toll Plaza,PF,STATE,Telangana,Hyderabad,17.192464,78.22308
550018,TSPA  Toll Plaza,PF,STATE,Telangana,Hyderabad,17.210101,78.214002
550019,Nanakramguda Toll Plaza,PF,STATE,Telangana,Hyderabad,17.242648,78.211582
550020,Duddeda Toll Plaza,Conc.,STATE,Telangana,Medak,18.0002,78.8876
550021,Renikunta Toll Plaza,Conc.,STATE,Telangana,Karimnagar,18.2943,79.1171
550022,Basanthnagar Toll Plaza,Conc.,STATE,Telangana,Karimnagar,18.7042,79.417
550023,Madugulapally TOLL PLAZA,DBFOT,STATE,Telangana,Madugula,16.9794,79.4537
550024,Kothagudem Toll Plaza,PF,NATIONAL,Telangana,Suryapet,17.1314,80.0036
556043,Narsingi Toll Plaza,BOT,STATE,Telangana,Hyderabad,17.388444,78.351798
26001,Korai Toll Plaza,Conc.,NATIONAL,Uttar Pradesh,Agra,27.114895,77.715981
28001,Barajore toll plaza,Conc.,NATIONAL,Uttar Pradesh,Kanpur Dehat,26.3854208,80.018945
28002,Anantram Toll Plaza,Conc.,NATIONAL,Uttar Pradesh,Auraiya,26.594931,79.268034
33001,Daffi Toll Plaza,Conc.,NATIONAL,Uttar Pradesh,Varanasi,25.248275,82.994017
50001,Niyamatpur Ekrotiya Toll Plaza,Conc.,NATIONAL,Uttar Pradesh,Moradabad,28.814182,78.902248
50002,Thiriya Khetal Toll Plaza,Conc.,NATIONAL,Uttar Pradesh,Bareilly,28.480289,79.283886
62002,Mahuvan Toll Plaza,Conc.,NATIONAL,Uttar Pradesh,Mathura,27.337188,77.737458
125003,Baretha or Jajau Toll Plaza,Conc.,NATIONAL,Uttar Pradesh,Agra,26.932005,77.933357
180001,Tundla Toll Plaza,Conc.,NATIONAL,Uttar Pradesh,Firozabad,27.218247,78.272821
180002,Gurau Toll Plaza,Conc.,NATIONAL,Uttar Pradesh,Firozabad,26.996524,78.777334
182001,Salemgarh Toll Plaza,Conc.,NATIONAL,Uttar Pradesh,Kushinagar,26.631703,84.238336
183001,Muzaina Hetim Toll Plaza,Conc.,NATIONAL,Uttar Pradesh,Kushinagar,26.733855,83.808555
184001,Tendua Toll Plaza,Conc.,NATIONAL,Uttar Pradesh,Gorakhpur,26.724015,83.274398
185001,Chaukadi Toll Plaza,Conc.,NATIONAL,Uttar Pradesh,Basti,26.781298,82.417008
186001,Mandawnagar Toll Plaza,Conc.,NATIONAL,Uttar Pradesh,Basti,26.810525,82.731283
187001,Nawabganj Toll Plaza,Conc.,NATIONAL,Uttar Pradesh,Bareilly,28.45428,79.437658
187002,Ahmadpur Toll Plaza,Conc.,NATIONAL,Uttar Pradesh,Barabanki,26.858351,81.422451
187003,Ronahi Toll Plaza,Conc.,NATIONAL,Uttar Pradesh,Faizabad,26.767878,81.949556
189001,AIT Toll Plaza,Conc.,NATIONAL,Uttar Pradesh,Jalaun,25.87995,79.210312
190001,SEMRI Toll Plaza,Conc.,NATIONAL,Uttar Pradesh,Jhansi,25.636776,78.875045
193001,Brijghat Toll Plaza,Conc.,NATIONAL,Uttar Pradesh,Hapur,28.767149,78.110043
194001,Joya Toll Plaza,Conc.,NATIONAL,Uttar Pradesh,Amroha,28.836176,78.420749
196001,Itaunja Toll Plaza,Conc.,NATIONAL,Uttar Pradesh,Sitapur,27.1034866,80.8814285
197001,Khairabad Toll Plaza,Conc.,NATIONAL,Uttar Pradesh,Sitapur,27.558744,80.661034
199001,KOKHRAJ (Sirohi) Toll Plaza,Conc.,NATIONAL,Uttar Pradesh,Kaushambi,25.576505,81.5295417
199002,HANDIYA (Sujala ) Toll Plaza,Conc.,NATIONAL,Uttar Pradesh,Allahabad,25.3788756,82.1567207
199003,Nawabganj Toll Plaza,Conc.,NATIONAL,Uttar Pradesh,Allahabad,25.5650131,81.7457289
199004,SORAON Toll Plaza,Conc.,NATIONAL,Uttar Pradesh,Allahabad,25.5897643,81.8407997
199005,SAHSON Toll Plaza,Conc.,NATIONAL,Uttar Pradesh,Allahabad,25.490249,81.996729
201001,Madrak Toll Plaza,Conc.,NATIONAL,Uttar Pradesh,Aligarh,27.803992,78.087073
201002,Baros Toll Plaza,Conc.,NATIONAL,Uttar Pradesh,Hathras,27.335508,78.031048
215001,Aliyapur Toll Plaza,Conc.,NATIONAL,Uttar Pradesh,Kanpur Nagar,26.06978,80.163008
215002,Khanna Toll Plaza,Conc.,NATIONAL,Uttar Pradesh,Hamirpur,25.543293,80.060095
216001,Sivaya Toll Plaza,Conc.,NATIONAL,Uttar Pradesh,Meerut,29.095601,77.710995
239100,LUHARLI Toll plaza,Conc.,NATIONAL,Uttar Pradesh,Gautam Buddha Nagar,28.499246,77.627269
239101,GABHANA Toll plaza,Conc.,NATIONAL,Uttar Pradesh,Aligarh,28.062821,77.946047
320013,ALEP Main Plaza 21,PF,STATE,Uttar Pradesh,Fatehabad,27.053626,78.277169
320014,ALEP Ramp Plaza 27,PF,STATE,Uttar Pradesh,Fatehabad,27.038767,78.335211
320015,ALEP Ramp Plaza 54,PF,STATE,Uttar Pradesh,Shikohabad,26.998814,78.58165
320016,ALEP Ramp Plaza 77,PF,STATE,Uttar Pradesh,Etawah,26.966501,78.812958
320017,ALEP Ramp Plaza 92,PF,STATE,Uttar Pradesh,Saifai,27.015798,78.946526
320018,ALEP Ramp Plaza 108,PF,STATE,Uttar Pradesh,Etawah,26.949591,79.076293
320019,ALEP Ramp Plaza 116,PF,STATE,Uttar Pradesh,Etawah,26.913797,79.158391
320020,ALEP Ramp Plaza 154,PF,STATE,Uttar Pradesh,Saurikh,26.913619,79.160199
320021,ALEP Ramp Plaza 171,PF,STATE,Uttar Pradesh,Taki Gram,27.070904,79.653549
320022,ALEP Ramp Plaza 193,PF,STATE,Uttar Pradesh,Kannauj,26.98693,79.814441
320023,ALEP Ramp Plaza220,PF,STATE,Uttar Pradesh,Kanpur,26.912105,80.027101
320024,ALEP Ramp Plaza 238,PF,STATE,Uttar Pradesh,Unnao,26.926112,80.200743
320025,ALEP Main Plaza 290,PF,STATE,Uttar Pradesh,Lucknow,26.845635,80.710711
320028,Andiyari Toll Plaza,Conc.,NATIONAL,Uttar Pradesh,Prayagraj,25.612351,81.642036
320052,Raibha toll plaza,PF,NATIONAL,Uttar Pradesh,Agra,27.164087,77.815004
320053,Aaini Toll Plaza,PF,NATIONAL,Uttar Pradesh,Bahraich,27.2970385,81.54163697
320054,Mavikala Toll Plaza,PF,NATIONAL,Uttar Pradesh,Mavikala,28.87763,77.247776
320055,Duhai Toll Plaza,PF,NATIONAL,Uttar Pradesh,Duahi,28.737468,77.477137
320056,Dasana Toll Plaza,PF,NATIONAL,Uttar Pradesh,Dasana,28.687737,77.535805
320057,Bilakbarpur Toll Plaza,PF,NATIONAL,Uttar Pradesh,Bilakbarpur,28.520428,77.600397
320058,Fatehpur Rampur Toll Plaza,PF,NATIONAL,Uttar Pradesh,Fatepur Ra,28.437802,77.588752
320059,Chhajarsi Toll Plaza,PF,NATIONAL,Uttar Pradesh,Pilkhua,28.7017268,77.6197457
320060,Badauri Toll Plaza,PF,NATIONAL,Uttar Pradesh,Fatehpur,26.065386,80.657641
320062,Lalanagar Toll Plaza,PF,NATIONAL,Uttar Pradesh,Sant Ravidas Nagar,25.266948,82.491513
320063,Katoghan Toll Plaza,PF,NATIONAL,Uttar Pradesh,Fatehpur,25.749487,81.170481
320064,Jindpur Toll Plaza,PF,NATIONAL,Uttar Pradesh,Raebareli,25.859513,80.684572
320065,Aihar Toll Plaza,PF,NATIONAL,Uttar Pradesh,Raebareli,26.198251,81.032982
320066,Gulalpurva Toll Plaza,PF,NATIONAL,Uttar Pradesh,Gulalpurva,27.8271,81.5265
320067,Babina Toll Plaza,TOT,NATIONAL,Uttar Pradesh,Jhansi,25.216966,78.464471
320068,Vighakhet Toll Plaza,TOT,NATIONAL,Uttar Pradesh,Lalitpur,24.789578,78.448855
320069,Dakhina Shekpur Toll Plaza,TOT,NATIONAL,Uttar Pradesh,Rae Bareli,26.5244139,81.0661465
320070,Bara Toll Plaza,PF,NATIONAL,Uttar Pradesh,Haidergarh,26.6294023,81.3329506
320071,Chamari Toll Plaza,PF,NATIONAL,Uttar Pradesh,Jalaun,26.036608,79.577976
320072,Pidhi Toll Plaza,PF,NATIONAL,Uttar Pradesh,Jaisinghpur,26.3486681,82.2470807
320073,Nuruddinpur toll plaza,PF,NATIONAL,Uttar Pradesh,Amethi,26.035992,81.43806
320074,Raksha Toll Plaza,PF,NATIONAL,Uttar Pradesh,Jhansi,25.461841,78.451052
320075,Kunwarpur Toll Plaza,PF,NATIONAL,Uttar Pradesh,Jaunpur,25.6727919,82.3158437
320076,Asroga Toll Plaza,PF,NATIONAL,Uttar Pradesh,Sultanpur,26.301062,81.9459196
320077,Kurana Toll Plaza,PF,NATIONAL,Uttar Pradesh,Hapur,28.6278,77.7849
320078,Sherpur Chamraha Toll Plaza,PF,NATIONAL,Uttar Pradesh,Ghorkhpur,26.821964,83.293971
320079,Sayyad Mazra Toll Plaza,PF,NATIONAL,Uttar Pradesh,Sayed Maz,30.00376,77.710907
320080,Sarsawa Toll Plaza,PF,NATIONAL,Uttar Pradesh,Sarsawa,30.04077778,77.3875
320081,Koyla TOLL PLAZA,PF,NATIONAL,Uttar Pradesh,Rampur,28.82978,79.096764
320082,Mungari Toll Plaza,PF,NATIONAL,Uttar Pradesh,Mungari,25.2987667,81.9478441
320083,Shahabpur Toll Plaza,PF,NATIONAL,Uttar Pradesh,Bahraich Road,26.949445,81.256453
320084,Nainsar Toll Plaza,PF,NATIONAL,Uttar Pradesh,Pharenda,27.213537,83.252765
320085,Mohammad Ibrahimpur Toll Plaza,PF,NATIONAL,Uttar Pradesh,Bilari,28.5802427,78.796195
320086,Sabli Toll Plaza,PF,NATIONAL,Uttar Pradesh,Puranpur,28.154095,80.100556
320087,Harro Toll Plaza near Ganne,PF,NATIONAL,Uttar Pradesh,Prayagraj,25.1154169,81.7543869
320089,Bharatkhund TOLL PLAZA,PF,NATIONAL,Uttar Pradesh,Varanasi,26.635829,82.126764
320090,Akshda TOLL PLAZA,PF,NATIONAL,Uttar Pradesh,Gorakhpur,26.7288131,83.2754187
320091,Belon TOLL PLAZA,PF,NATIONAL,Uttar Pradesh,Narora,28.1884316,78.3480532
320092,Hadwa TOLL PLAZA,PF,NATIONAL,Uttar Pradesh,Lucknow,26.137818,82.802275
320093,Amdi TOLL PLAZA,PF,NATIONAL,Uttar Pradesh,Lohra,26.369652,82.886172
320094,Aindhi TOLL PLAZA,PF,NATIONAL,Uttar Pradesh,Amethi,26.235591,81.609372
320095,Ramnagar Gansiyari Toll Plaza,PF,NATIONAL,Uttar Pradesh,Allahabad,25.726413,81.92581
320096,Dularpur Toll Plaza,PF,NATIONAL,Uttar Pradesh,Bahraich,27.578462,81.633657
320097,Umapur TOLL PLAZA,PF,NATIONAL,Uttar Pradesh,Prayagraj,29.9105,76.50713
320098,Chhapar TOLL PLAZA,PF,NATIONAL,Uttar Pradesh,Muzaffarnagar,29.585833,77.778333
320099,Jiwana Toll plaza,PF,NATIONAL,Uttar Pradesh,Baghpat,29.165072,77.276193
320100,Dundahera Plaza DME Km-1990,PF,NATIONAL,Uttar Pradesh,Ghaziabad,28.635887,77.444447
320101,Dasna Plaza DME Km-2760,PF,NATIONAL,Uttar Pradesh,Ghaziabad,28.674961,77.495589
320102,Rasoolpur Sikrod DME Km-3134,PF,NATIONAL,Uttar Pradesh,Ghaziabad,28.704345,77.522078
320103,Bhojpur Plaza DME Km-4570,PF,NATIONAL,Uttar Pradesh,Ghaziabad,28.800192,77.619238
320104,DME Km-5200 Plaza,PF,NATIONAL,Uttar Pradesh,Meerut,28.823169,77.64859
320105,Partapur Plaza DME Km-5900,PF,NATIONAL,Uttar Pradesh,Meerut,28.90293,77.641772
320106,Noida Plaza DME Km-1400,PF,NATIONAL,Uttar Pradesh,Ghaziabad,28.634037,77.390182
320107,Mehrauli Plaza DME Km-2350,PF,NATIONAL,Uttar Pradesh,Ghaziabad,28.655347,77.474082
320108,Puraini Toll Plaza,PF,NATIONAL,Uttar Pradesh,Puraini,29.40749,78.446624
320109,Aaspur Toll Plaza,PF,NATIONAL,Uttar Pradesh,Etah,27.48692,78.79217
320110,Badagaon Toll Plaza,PF,NATIONAL,Uttar Pradesh,Balrampur,27.505578,82.374824
320111,Gulhaura Toll Plaza,PF,NATIONAL,Uttar Pradesh,Siddharthnagar,27.443827,82.924607
320112,Kashi Plaza DME Km-5823,PF,NATIONAL,Uttar Pradesh,Meerut,28.896616,77.64537
320113,Itora Buzurg Toll Plaza,PF,NATIONAL,Uttar Pradesh,Raebareill,25.9996,81.285787
320114,Semra Toll Plaza,PF,NATIONAL,Uttar Pradesh,Maharajga,27.0665989,83.610558
320116,Shrishikalan Toll Plaza,PF,NATIONAL,Uttar Pradesh,Mahoba,25.434629,80.1279154
320130,Kaithi Toll Plaza,PF,NATIONAL,Uttar Pradesh,Varanasi,25.494937,83.147623
320131,Tarwa Deva Toll Plaza,PF,NATIONAL,Uttar Pradesh,Mainpuri,27.19587,79.36699
320132,ATRAILA SHIV GULAM Toll Plaza,PF,NATIONAL,Uttar Pradesh,Lalganj,24.960572,82.276151
320133,Lohari Toll Plaza,PF,NATIONAL,Uttar Pradesh,Jhansi,25.343778,78.916861
320134,Belgada Toll Plaza,PF,NATIONAL,Uttar Pradesh,Gorakhpur,27.119186950745,82.896022751489
320135,Sarai Sundarpur Fee Plaza,Conc.,NATIONAL,Uttar Pradesh,Pillibhit,28.578965,79.862811
320136,Hitouta Toll Plaza,PF,NATIONAL,Uttar Pradesh,Khutar,28.264748,80.250888
320137,Baleni Fee Plaza,Conc.,NATIONAL,Uttar Pradesh,Baleni,28.959724,77.443155
340058,Kiratpur fee plaza,PF,NATIONAL,Uttar Pradesh,Aligarh,27.7918903914014,78.2865520412782
340063,Lebhera Toll Plaza,PF,NATIONAL,Uttar Pradesh,Bareilly,28.4724919,79.5344793
350043,Baiti Kala Plaza,PF,NATIONAL,Uttar Pradesh,Sultanpur,26.054337,82.339392
520001,ALEP Ramp Plaza 269,PF,STATE,Uttar Pradesh,Sandila,26.9047203,80.48483
520002,ALEP Ramp Plaza 284,PF,STATE,Uttar Pradesh,Lucknow,26.8506024,80.6686972
520003,ALEP Ramp Plaza 204,PF,STATE,Uttar Pradesh,Kannauj,26.929426,79.88097
520004,ALEP Ramp Plaza 101,PF,STATE,Uttar Pradesh,Saifai,27.0033012,78.9769078
520005,Jewar Toll Plaza,BOT,STATE,Uttar Pradesh,Jewar,28.11465,77.575418
520006,Agra Toll Plaza,BOT,STATE,Uttar Pradesh,Agra,27.303578,78.003327
520007,Mathura Toll Plaza,BOT,STATE,Uttar Pradesh,Mathura,27.660315,77.733317
520008,Rehan Kalan Toll Plaza,Conc.,STATE,Uttar Pradesh,Agra,27.1888,78.00405
520009,Bajna Ramp Toll Plaza,BOT,STATE,Uttar Pradesh,Mathura,27.883269,77.666004
520010,Mahurakalan Toll Plaza,Conc.,STATE,Uttar Pradesh,Lucknow,26.71993,81.130183
520011,Gharkuiya Toll Plaza,Conc.,STATE,Uttar Pradesh,Barabanki,26.613176,81.395713
520012,Unchgaon Toll Plaza,Conc.,STATE,Uttar Pradesh,Raebareill,26.572702,81.558692
520013,Haliyapur Toll Plaza,Conc.,STATE,Uttar Pradesh,Sultanpur,26.512581,81.766916
520014,Kurebhar Toll Plaza,Conc.,STATE,Uttar Pradesh,Sultanpur,26.389542,82.126251
520015,Semri Toll Plaza,Conc.,STATE,Uttar Pradesh,Sultanpur,26.356825,82.260675
520016,Dostpur Toll Plaza,Conc.,STATE,Uttar Pradesh,Sultanpur,26.282603,82.474925
520017,Bhelara Toll Plaza,Conc.,STATE,Uttar Pradesh,Sultanpur,26.226938,82.670703
520018,Fulvariya Toll Plaza,Conc.,STATE,Uttar Pradesh,Azamgarh,26.159909,82.862836
520019,Sehda Toll Plaza,Conc.,STATE,Uttar Pradesh,Azamgarh,26.114701,83.134473
520020,Sathiyon Toll Plaza,Conc.,STATE,Uttar Pradesh,Azamgarh,26.043438,83.277038
520021,Raipur-Baghpur Toll Plaza,Conc.,STATE,Uttar Pradesh,Ghazipur,25.834083,83.564128
520022,Belsari Toll Plaza,Conc.,STATE,Uttar Pradesh,Ghazipur,25.637696,83.839836
520023,RTP36 Yamuna Toll Plaza,Conc.,STATE,Uttar Pradesh,Jewar,28.141426,77.574548
520024,Rohana Khurd Toll Plaza,Conc.,STATE,Uttar Pradesh,Muzaffarnagar,29.594939,77.687261
520025,Kolki Toll Plaza,Conc.,STATE,Uttar Pradesh,Saharanpur,29.938956,77.654644
520026,Fatehpur Toll Plaza,Conc.,STATE,Uttar Pradesh,Mirzapur,25.165278,83.035833
520027,Ahraurha TFCB-1A Toll Plaza,Conc.,STATE,Uttar Pradesh,Mirzapur,24.995278,83.019444
520028,Lodhi Toll Plaza,Conc.,STATE,Uttar Pradesh,Sonbhadra,24.628056,83.055833
520029,Maloghat Toll Plaza,Conc.,STATE,Uttar Pradesh,Sonbhadra,24.3325,83.067222
520030,ALEP Ramp Plaza 133,Conc.,STATE,Uttar Pradesh,Sahakar Gl,26.909319,79.331535
520031,Pratappur Toll Plaza,PF,NATIONAL,Uttar Pradesh,Chunar,25.177356,82.97345
520032,Jorwara Toll Plaza,PF,NATIONAL,Uttar Pradesh,Jorwara,25.246369,81.2754626
520033,EPE Rasoolpur Plaza,TOT,NATIONAL,Uttar Pradesh,Ghaziabad,28.704323,77.522137
520034,Hauj Fee Plaza,PF,NATIONAL,Uttar Pradesh,Jaunpur,25.675856,82.724787
520035,Bamhori Kumari Toll Plaza,PF,NATIONAL,Uttar Pradesh,Mahoba,25.357245,79.427843
520036,Faridpur Toll Plaza,PF,NATIONAL,Uttar Pradesh,Bareilly,28.234589,79.523939
520037,Gopalpur Toll Plaza,PF,NATIONAL,Uttar Pradesh,Gopalpur,25.166454,82.479512
520038,Basheerapur Toll Plaza,PF,NATIONAL,Uttar Pradesh,Kannauj,27.073778,79.84339
520039,Mirzapur / Kyampur Toll Plaza,PF,NATIONAL,Uttar Pradesh,Ghazipur,25.684947,83.547053
536051,Patnipratapur Toll Plaza,PF,NATIONAL,Uttar Pradesh,Patni,29.530383,77.198676
536057,Maigalganj Toll Plaza,PF,NATIONAL,Uttar Pradesh,Maigalgan,27.739731,80.296011
536061,Mithegaon Toll Plaza,PF,NATIONAL,Uttar Pradesh,Ayodhya,26.663524,81.99332
536066,Jagaheri fee plaza,PF,NATIONAL,Uttar Pradesh,Muzaffarnagar,29.467707,77.611927
536068,Derhi Toll Plaza,PF,NATIONAL,Uttar Pradesh,Varanasi,25.518048,82.998103
536078,Akwabad Toll Plaza,PF,NATIONAL,Uttar Pradesh,Unnao,26.3395,80.7057
536080,Bhitaha Toll Plaza,PF,NATIONAL,Uttar Pradesh,Gorakhpur,26.5992,83.40222
536081,Amora Moiddinpur Kala  Toll Plaza,PF,NATIONAL,Uttar Pradesh,Azamgarh,25.98111111,83.05694444
536092,RTP11 Toll Plaza,BOT,STATE,Uttar Pradesh,Gautam Buddha Nagar,28.358774,77.540415
536180,RTP12 Toll Plaza,BOT,STATE,Uttar Pradesh,Gautam Buddha Nagar,28.346516,77.543489
536181,RTP15 Toll Plaza,BOT,STATE,Uttar Pradesh,Gautam Buddha Nagar,28.319421,77.552713
536182,RTP16 Toll Plaza,BOT,STATE,Uttar Pradesh,Gautam Buddha Nagar,28.321175,77.551394
536199,Shringveerpur Toll Plaza,PF,NATIONAL,Uttar Pradesh,Prayagraj,25.59654,81.642204
536216,Bhanera Toll Plaza,PF,NATIONAL,Uttar Pradesh,Meerut,29.545413,78.254333
536217,Chota Mawana Toll Plaza,PF,NATIONAL,Uttar Pradesh,Meerut,29.11587,77.875996
536394,ADA ALEP Juction Toll Plaza,PF,STATE,Uttar Pradesh,Agra,27.155875,78.112872
536414,Dohna toll plaza,Conc.,STATE,Uttar Pradesh,Bareilly,28.454429,79.437298
536415,Mundia Mukarrampur Toll Plaza,Conc.,STATE,Uttar Pradesh,Bareilly,28.858652,79.515355
536451,Dabhedi Toll Plaza,PF,NATIONAL,Uttar Pradesh,Nanauta,29.645928,77.432355
536472,Badagaom Toll Plaza,PF,NATIONAL,Uttar Pradesh,Baghpat,28.8693384680841,77.3239492629524
536484,Akhtiyari Kotila Toll Plaza,PF,NATIONAL,Uttar Pradesh,Pratapgarh,25.67127,81.560031
536492,Balleerpur Toll plaza,PF,NATIONAL,Uttar Pradesh,Hardoi,27.26340026,80.22575253
536497,Etaura Bujurg Toll Plaza,PF,NATIONAL,Uttar Pradesh,Raebarelli,26.0025,81.284911
536536,Jawr Toll Plaza,PF,NATIONAL,Uttar Pradesh,Aligarh,27.5998,77.9002
536551,Bautha Toll Plaza,PF,NATIONAL,Uttar Pradesh,Lakhimpur,27.9822418,80.6592929
536552,Mujhera Toll Plaza,PF,NATIONAL,Uttar Pradesh,Muzaffarnagar,29.30315,77.921105
536561,Kudaiya Toll Plaza,PF,NATIONAL,Uttar Pradesh,Shahjahanpur,27.816366,79.669052
536572,Chakia Toll Plaza,Conc.,STATE,Uttar Pradesh,Chakia,26.202417,82.94995
536578,BHAGWANPUR TOLL PLAZA,Conc.,STATE,Uttar Pradesh,GORAKHPUR,26.675732,83.286819
536579,SARYA TIWARI Km-09 TOLL PLAZA,Conc.,STATE,Uttar Pradesh,GORAKHPUR,26.641548,83.262288
536580,HARNAHI Km-12 TOLL PLAZA,Conc.,STATE,Uttar Pradesh,GORAKHPUR,26.618659,83.243311
536581,SIKARIGANJ Km-28 TOLL PLAZA,Concessio,STATE,Uttar Pradesh,GORAKHPUR,26.494112,83.203546
536582,BAHADURPUR Km-36 TOLL PLAZA,Conc.,STATE,Uttar Pradesh,GORAKHPUR,26.26352,83.09096
536583,TENDUI KALAN Km-53 TOLL PLAZA,Conc.,STATE,Uttar Pradesh,AMBEDKA,26.3502536617605,83.029528991546
536584,ATROULIA Km-62 TOLL PLAZA,Conc.,STATE,Uttar Pradesh,Azamgarh,26.3167980939618,82.9638476846589
536585,KATKA Km-73 TOLL PLAZA,Conc.,STATE,Uttar Pradesh,AMBEDKA,26.3039433075393,82.8536494511217
536586,CHAUDAH PRAS Km-82 TOLL PLAZA,Conc.,STATE,Uttar Pradesh,AMBEDKA,26.2641106593441,82.7860946818025
536632,Akbarganj Simra (Tikri) Toll Plaza,PF,NATIONAL,Uttar Pradesh,Bisalpur,28.366675,79.79981
536683,Loni Toll Plaza,PF,NATIONAL,Uttar Pradesh,Ghaziabad,28.75127,77.26783
536684,Katha Toll Plaza,PF,NATIONAL,Uttar Pradesh,Baghpat,28.908309,77.251686
536685,Tatiri Interchange,PF,NATIONAL,Uttar Pradesh,Baghpat,28.946759,77.256161
536686,Jalalpur Interchange,PF,NATIONAL,Uttar Pradesh,Baghpat,29.116851,77.297224
536687,Karaunda Interchange,PF,NATIONAL,Uttar Pradesh,Muzaffarnagar,29.358154,77.380494
536688,Khyawadi Fee Plaza,PF,NATIONAL,Uttar Pradesh,Shamli,29.583662,77.465676
536689,Badgaon Interchange,PF,NATIONAL,Uttar Pradesh,Saharnpur,29.710956,77.519775
536690,Rasoolpur Fee Plaza,PF,NATIONAL,Uttar Pradesh,Saharnpur,29.863376,77.574962
536692,Bantikheda Interchange,PF,NATIONAL,Uttar Pradesh,Shamli,29.4674759843223,77.4115237053586
536701,Mahanadpur toll plaza,PF,NATIONAL,Uttar Pradesh,Shahjahanpur,27.999384,80.009666
536747,Ganeshpur Toll plaza,PF,NATIONAL,Uttar Pradesh,Ganeshpur,30.13203889,77.85940833
536751,Nasaratpur toll Plaza,PF,NATIONAL,Uttar Pradesh,Amethi,26.3787,81.488178
536754,Bankota-Km-173 Toll Plaza,PF,STATE,Uttar Pradesh,Budaun,28.177223,79.072626
536755,Karanpur-Km-146 Toll Plaza,PF,STATE,Uttar Pradesh,Budaun,28.297591,78.857286
536756,Binawar-Km-189 Toll Plaza,PF,STATE,Uttar Pradesh,Budaun,28.127552,79.212107
536757,Dalanpur-Km-207 Toll Plaza,PF,STATE,Uttar Pradesh,Budaun,28.027309,79.358199
536758,Jarauli Sherpur-Km-329 Toll Plaza,PF,STATE,Uttar Pradesh,Hardoi,27.198774,80.043538
536759,Shyampur-Km-351 Toll Plaza,PF,STATE,Uttar Pradesh,Hardoi,27.0313739,80.1334858
536760,Guldiya-Km-255 Toll Plaza,PF,STATE,Uttar Pradesh,Shahjahanpur,27.725524,79.679523
536762,Bakhtyarpur Toll Plaza,PF,NATIONAL,Uttar Pradesh,Etawah,26.87357,79.116805
536763,Sermajhala-Km-282 Toll Plaza,PF,STATE,Uttar Pradesh,Hardoi,27.499112,79.755644
536764,Pure Tiwarin ka Purva-Km-487 Toll Plaza,PF,STATE,Uttar Pradesh,Lalgunj,26.191535,81.031456
536765,GauriyaKala-Km-378 Toll Plaza,PF,STATE,Uttar Pradesh,Unnao,26.9073334,80.352814
536766,Sonic-Km-420 Toll Plaza,PF,STATE,Uttar Pradesh,Unnao,26.585432,80.57144
536767,Purab Nara-Km-589 Toll Plaza,PF,STATE,Uttar Pradesh,Prayagraj,25.656717,81.748906
536768,Jagatpur-Km-517 Toll Plaza,PF,STATE,Uttar Pradesh,Raebareli,26.026531,81.282677
536769,"Naraee-KM
554 Toll Plaza",PF,STATE,Uttar Pradesh,Manikpur,25.890363,81.563242
536770,Sisiya toll plaza,PF,NATIONAL,Uttar Pradesh,Lakshmipur,27.9796,81.189
536792,RTP141 Toll Plaza,BOT,STATE,Uttar Pradesh,Agra,27.314119,77.908288
536816,Khadkhadi Toll Plaza,CONC,STATE,Uttar Pradesh,Agra,28.842031,77.777987
536817,Simbhavali Muradpur Toll Plaza,CONC,STATE,Uttar Pradesh,Hapur,28.749799,77.959065
536818,Bahapur Theda Toll Plaza,CONC,STATE,Uttar Pradesh,Hapur,28.685881,78.074483
536819,Mangraula Toll Plaza,CONC,STATE,Uttar Pradesh,Amroha,28.66266,78.271098
536820,Khirni Mohiuddinpur Toll Plaza,CONC,STATE,Uttar Pradesh,Moradabad,28.53769,78.511631
536821,Lahraban Toll Plaza,CONC,STATE,Uttar Pradesh,Moradabad,28.41421,78.667167
536822,Chandoi Toll Plaza,CONC,STATE,Uttar Pradesh,Budaun,28.348076,78.758059
536825,Katha Virtual Toll Plaza,PF,NATIONAL,Uttar Pradesh,Baghpat,28.908309,77.251686
536832,Ganga EP Ramp Toll Plaza,CONC,NATIONAL,Uttar Pradesh,Prayagraj,25.582898,81.818339
546031,Newada Toll Plaza,PF,NATIONAL,Uttar Pradesh,Kanpur Nagar,26.708097,80.120527
546042,Bhuni Toll Plaza,PF,NATIONAL,Uttar Pradesh,Meerut,29.125868,77.576617
556052,Chitrakoot/Bharatkup KM-04 Toll Plaza,Conc.,STATE,Uttar Pradesh,Karwi,25.2513,80.7444
556053,Bisanda Km-24 Toll Plaza,Conc.,STATE,Uttar Pradesh,Banda,25.5275,80.4036
556054,Baberu Km-43 Toll Plaza,Conc.,STATE,Uttar Pradesh,Banda,25.5438,80.3705
556055,Banda Km-50 Toll Plaza,Conc.,STATE,Uttar Pradesh,Banda,25.5766,80.0633
556056,Mavai Km-54 Toll Plaza,Conc.,STATE,Uttar Pradesh,Banda,25.6337,79.694
556057,Khanna Km-86 Toll Plaza,Conc.,STATE,Uttar Pradesh,Mahoba,25.8653,79.4241
556058,Hamirpur Km-125 Toll Plaza,Conc.,STATE,Uttar Pradesh,Jakhedi,25.9261,79.3622
556059,Dakore Km-164 Toll Plaza,Conc.,STATE,Uttar Pradesh,Orai,26.1611,79.2797
556060,Orai Km-174 Toll Plaza,Conc.,STATE,Uttar Pradesh,Orai,26.5005,79.4349
556061,Chiriya Km-201 Toll Plaza,Conc.,STATE,Uttar Pradesh,Jalaun,26.7938,79.3264
556062,Karampur Km-243 Toll Plaza,Conc.,STATE,Uttar Pradesh,Auraiya,26.8479,79.3174
556063,Kakrahi Km-280 Toll Plaza,Conc.,STATE,Uttar Pradesh,Etawah,12.9564,80.2412
556064,Takha Km-287 Toll Plaza,Conc.,STATE,Uttar Pradesh,Etawah,12.9564,80.2412
326002,DEORIYA Toll Plaza,Conc.,NATIONAL,Uttarakha,Rudrapur,28.930637,79.475637
326005,Banushi Toll Plaza,PF,NATIONAL,Uttarakhand,Dehradun,28.932477,79.929189
326006,Bhagwanpur Toll Plaza,PF,NATIONAL,Uttarakhand,Bhagwanpur,29.931253,77.820383
326007,Bhadarabad TOLL PLAZA,PF,NATIONAL,Uttarakhand,Bhadarabad,29.911694,78.020722
326008,Lachiwala Toll Plaza,PF,NATIONAL,Uttarakhand,Dehradun,30.209235,78.125393
326009,Jagtapur Patti Toll Plaza,PF,NATIONAL,Uttarakhand,Jaspur,29.244179,78.884934
536470,Nagla Toll Plaza,PF,NATIONAL,Uttarakhand,Udham Singh Nagar,29.0333184,79.49345
536672,NARSAN CHECKPOST,Conc.,STATE,Uttarakhand,Haridwar,29.689538,77.8492
536721,Shahpur Kalyanpur Fee Plaza,Conc.,NATIONAL,Uttarakhand,Dehradun,30.4122512,77.7113516
536729,Asharodi Checkpost,Conc.,STATE,Uttarakhand,Dehradun,30.2626208,77.982195
536730,Surya Police Chowki Checkpost,Conc.,STATE,Uttarakhand,Udham Singh Nagar,29.1973,78.8942
536731,Nadehi Checkpost,Conc.,STATE,Uttarakhand,Udham Singh Nagar,29.282701,78.770031
536732,Kulhal Checkpost,Conc.,STATE,Uttarakhand,Dehradun,30.429061,77.625711
536733,Bhagwanpur Checkpost,Conc.,STATE,Uttarakhand,Haridwar,30.004968,77.765179
536734,Kaudia Checkpost,Conc.,STATE,Uttarakhand,Kotdwar,29.7298971,78.5056995
536735,Dharampur Checkpost,Conc.,STATE,Uttarakhand,Udham Singh Nagar,29.314746,78.784278
536736,Rudrapur Checkpost,Conc.,STATE,Uttarakhand,Udham Singh Nagar,28.961439,79.387639
536737,Doraha Bazpur Checkpost,Conc.,STATE,Uttarakhand,Udham Singh Nagar,29.133278,79.118736
536738,Imlikhera Checkpost,Conc.,STATE,Uttarakhand,Haridwar,29.932774,77.892569
536739,Manjhola Checkpost,Conc,STATE,Uttarakhand,Udham Singh Nagar,28.834432,79.898587
536740,Shyampur Checkpost,Conc.,STATE,Uttarakhand,Haridwar,29.859192,78.185567
536741,Sutaiya Checkpost,Conc.,STATE,Uttarakhand,Udham Singh Nagar,28.869284,79.516856
536742,Timli Checkpost,Conc.,STATE,Uttarakhand,Dehradun,30.409222,77.721635
29002,Rampura Toll Plaza,Conc.,NATIONAL,West Bengal,West Medinipur,22.24076,87.39207
204001,Rajchandrapur Toll Plaza,Conc.,NATIONAL,West Bengal,Howrah,22.654299,88.325166
205001,Jaladhulagori toll plaza,Conc.,NATIONAL,West Bengal,Howrah,22.573188,88.181679
205002,Debra toll plaza,Conc.,NATIONAL,West Bengal,West Medinipur,22.397144,87.522855
208001,Sonapetya Toll Plaza,Conc.,NATIONAL,West Bengal,Purba Medinipur,22.335479,87.869477
210001,Chandermore Toll Plaza,Conc.,NATIONAL,West Bengal,Murshidabad,24.563182,88.019993
210002,Shibpur  Toll Plaza,Conc.,NATIONAL,West Bengal,Murshidabad,24.150449,88.18629
244000,18th Mile Toll Plaza,Conc.,NATIONAL,West Bengal,Farakka,24.8224672410102,87.9669623136514
244001,Gazole Toll Plaza,Conc.,NATIONAL,West Bengal,Malda,25.1958866044966,88.1826418126195
370001,Banskopa  Toll Plaza,Conc.,NATIONAL,West Bengal,Durgapur,23.4916993,87.3768623
370013,Sali Bamandanga Toll Plaza,PF,NATIONAL,West Bengal,Nadia,23.629129,88.359582
370014,Paschim Madati Toll Plaza,PF,NATIONAL,West Bengal,Darjeeling,24.599579,84.70284
370015,Balibhasa Toll Plaza,PF,NATIONAL,West Bengal,Balibhasa,22.34462627,87.12665241
370016,Ghogarkuthi Fee Toll Plaza,PF,NATIONAL,West Bengal,Baxirhat,26.30493889,89.61888889
370017,Rangalibazna Fee Plaza,PF,NATIONAL,West Bengal,Jaldapara,26.68477778,89.23083333
370018,Satbhaiya Fee Toll Plaza,PF,NATIONAL,West Bengal,Naxalbari,26.687394,88.2310881
370019,Sulkhapara Fee Plaza,PF,NATIONAL,West Bengal,Chalsa,26.87330556,88.91472222
370020,Palsit Toll Plaza,PF,NATIONAL,West Bengal,Bardhaman,23.178722,88.026395
370021,Dankuni Toll Plaza,PF,NATIONAL,West Bengal,Hooghly,22.698891,88.288862
370022,Surjapur Toll Plaza,PF,NATIONAL,West Bengal,Uttar Dinajpur,25.933558,87.843381
370023,Guabari Toll Plaza,PF,NATIONAL,West Bengal,Alipurduar,26.476623,89.756542
370024,Namkhana Fee Toll Plaza,PF,NATIONAL,West Bengal,Namkhana,21.7501921,88.2365142
370025,Mejia Toll Plaza,PF,NATIONAL,West Bengal,Mejia,23.537809,87.12463
370026,Kalapathar Toll Plaza,PF,NATIONAL,West Bengal,Kalapathar,23.21784,86.936479
370034,Panikauri Toll Plaza,PF,NATIONAL,West Bengal,New Jalpai,26.573915,88.522596
370035,Husludanga Toll Plaza,PF,NATIONAL,West Bengal,Jalpaiguri,26.5605725,88.9195854
370036,Barai Toll Plaza,PF,NATIONAL,West Bengal,Raiganj,25.670914,88.080268
536194,Belkuri Toll Plaza,PF,NATIONAL,West Bengal,Purulia,23.38897,86.28719
536377,Ayespur Toll Plaza,PF,NATIONAL,West Bengal,Haringhata,22.978778,88.546167
560022,Vidhyasagar Setu Toll Plaza,Conc.,STATE,West Bengal,Howrah,27.349756,74.671431
